state_abbreviation,state_name,reporting_month,reporting_year,preliminary_or_updated,final_report,total_medicaid_and_chip_enrollment,total_medicaid_enrollment,total_chip_enrollment,medicaid_and_chip_child_enrollment,total_adult_medicaid_enrollment,new_applications_submitted_to_medicaid_and_chip_agencies,total_applications_for_financial_assistance_submitted_at_state_level,individuals_determined_eligible_for_medicaid_at_application,individuals_determined_eligible_for_chip_at_application,total_medicaid_and_chip_determinations
AK,Alaska,2025-03-01,2025,U,Y,243077.0,228508.0,14569.0,96384.0,146693.0,2158.0,2158.0,1969.0,114.0,2083.0
AK,Alaska,2025-04-01,2025,U,Y,238271.0,224131.0,14140.0,94885.0,143386.0,2742.0,2742.0,2101.0,128.0,2229.0
AK,Alaska,2025-05-01,2025,U,Y,225031.0,211333.0,13698.0,86706.0,138325.0,2551.0,2551.0,1588.0,91.0,1679.0
AK,Alaska,2025-06-01,2025,U,Y,224980.0,211659.0,13321.0,90017.0,134963.0,2454.0,2454.0,1431.0,107.0,1538.0
AK,Alaska,2025-07-01,2025,U,Y,220373.0,207221.0,13152.0,88348.0,132025.0,2658.0,2658.0,1655.0,69.0,1724.0
AK,Alaska,2025-08-01,2025,U,Y,218824.0,205768.0,13056.0,87906.0,130918.0,2652.0,2652.0,1477.0,80.0,1557.0
AK,Alaska,2025-09-01,2025,U,Y,215641.0,202632.0,13009.0,86718.0,128923.0,2494.0,2494.0,1425.0,75.0,1500.0
AK,Alaska,2025-10-01,2025,U,Y,214818.0,201848.0,12970.0,86524.0,128294.0,2442.0,2442.0,1659.0,146.0,1805.0
AK,Alaska,2025-11-01,2025,U,Y,212388.0,199460.0,12928.0,85710.0,126678.0,2255.0,2255.0,1804.0,159.0,1963.0
AK,Alaska,2025-12-01,2025,U,Y,212089.0,199113.0,12976.0,85599.0,126490.0,2396.0,2396.0,2172.0,196.0,2368.0
AK,Alaska,2026-01-01,2026,U,Y,211899.0,198930.0,12969.0,85484.0,126415.0,2246.0,2246.0,1731.0,140.0,1871.0
AK,Alaska,2026-02-01,2026,P,N,210442.0,197587.0,12855.0,85172.0,125270.0,2601.0,2601.0,2064.0,94.0,2158.0
AL,Alabama,2025-03-01,2025,U,Y,953505.0,767428.0,186077.0,679521.0,273984.0,13467.0,13467.0,12130.0,5399.0,17529.0
AL,Alabama,2025-04-01,2025,U,Y,961550.0,775147.0,186403.0,684013.0,277537.0,13359.0,13359.0,12380.0,5315.0,17695.0
AL,Alabama,2025-05-01,2025,U,Y,947601.0,761378.0,186223.0,674850.0,272751.0,13272.0,13272.0,12211.0,5896.0,18107.0
AL,Alabama,2025-06-01,2025,U,Y,946316.0,759359.0,186957.0,674469.0,271847.0,12541.0,12541.0,11368.0,5473.0,16841.0
AL,Alabama,2025-07-01,2025,U,Y,948369.0,760049.0,188320.0,675764.0,272605.0,13903.0,13903.0,12754.0,6048.0,18802.0
AL,Alabama,2025-08-01,2025,U,Y,947380.0,758080.0,189300.0,675575.0,271805.0,12936.0,12936.0,12499.0,6294.0,18793.0
AL,Alabama,2025-09-01,2025,U,Y,947718.0,756883.0,190835.0,676222.0,271496.0,12979.0,12979.0,11790.0,5554.0,17344.0
AL,Alabama,2025-10-01,2025,U,Y,947046.0,754925.0,192121.0,676185.0,270861.0,12899.0,12899.0,10770.0,5607.0,16377.0
AL,Alabama,2025-11-01,2025,U,Y,945436.0,752535.0,192901.0,675260.0,270176.0,11121.0,11121.0,8671.0,2019.0,10690.0
AL,Alabama,2025-12-01,2025,U,Y,945191.0,750744.0,194447.0,675229.0,269962.0,12523.0,12523.0,9805.0,2246.0,12051.0
AL,Alabama,2026-01-01,2026,U,Y,945804.0,749355.0,196449.0,675979.0,269825.0,15487.0,15487.0,12012.0,2880.0,14892.0
AL,Alabama,2026-02-01,2026,P,N,936918.0,740700.0,196218.0,671282.0,265636.0,12337.0,12337.0,9805.0,2419.0,12224.0
AR,Arkansas,2025-03-01,2025,U,Y,828054.0,744815.0,83239.0,410657.0,417397.0,19585.0,19585.0,12130.0,1054.0,13184.0
AR,Arkansas,2025-04-01,2025,U,Y,825857.0,746164.0,79693.0,411210.0,414647.0,22964.0,22964.0,14157.0,1378.0,15535.0
AR,Arkansas,2025-05-01,2025,U,Y,821900.0,741988.0,79912.0,411926.0,409974.0,19653.0,19653.0,13131.0,1343.0,14474.0
AR,Arkansas,2025-06-01,2025,U,Y,821198.0,741050.0,80148.0,412907.0,408291.0,19188.0,19188.0,13145.0,1148.0,14293.0
AR,Arkansas,2025-07-01,2025,U,Y,818956.0,738379.0,80577.0,413947.0,405009.0,21187.0,21187.0,13234.0,1242.0,14476.0
AR,Arkansas,2025-08-01,2025,U,Y,815146.0,733824.0,81322.0,415287.0,399859.0,20698.0,20698.0,13216.0,1255.0,14471.0
AR,Arkansas,2025-09-01,2025,U,Y,814767.0,732961.0,81806.0,416469.0,398298.0,20847.0,20847.0,12887.0,1220.0,14107.0
AR,Arkansas,2025-10-01,2025,U,Y,811928.0,729524.0,82404.0,416668.0,395260.0,19985.0,19985.0,13332.0,1291.0,14623.0
AR,Arkansas,2025-11-01,2025,U,Y,806626.0,723536.0,83090.0,416446.0,390180.0,16334.0,16334.0,11456.0,1140.0,12596.0
AR,Arkansas,2025-12-01,2025,U,Y,807724.0,723941.0,83783.0,417056.0,390668.0,21832.0,21832.0,13890.0,1460.0,15350.0
AR,Arkansas,2026-01-01,2026,U,Y,805275.0,721277.0,83998.0,400465.0,404810.0,22631.0,22631.0,16180.0,1227.0,17407.0
AR,Arkansas,2026-02-01,2026,P,N,798482.0,715111.0,83371.0,399359.0,399123.0,22803.0,22803.0,13327.0,980.0,14307.0
AZ,Arizona,2025-03-01,2025,U,Y,1849039.0,1731858.0,117181.0,796057.0,1052982.0,32782.0,32782.0,35045.0,3430.0,38475.0
AZ,Arizona,2025-04-01,2025,U,Y,1830028.0,1713183.0,116845.0,792152.0,1037876.0,33703.0,33703.0,38496.0,3696.0,42192.0
AZ,Arizona,2025-05-01,2025,U,Y,1818912.0,1702775.0,116137.0,787506.0,1031406.0,32065.0,32065.0,34203.0,3422.0,37625.0
AZ,Arizona,2025-06-01,2025,U,Y,1793424.0,1678419.0,115005.0,776639.0,1016785.0,34465.0,34465.0,34643.0,3605.0,38248.0
AZ,Arizona,2025-07-01,2025,U,Y,1788695.0,1674282.0,114413.0,776202.0,1012493.0,35804.0,35804.0,32631.0,2998.0,35629.0
AZ,Arizona,2025-08-01,2025,U,Y,1761638.0,1646143.0,115495.0,767389.0,994249.0,37250.0,37250.0,32831.0,3185.0,36016.0
AZ,Arizona,2025-09-01,2025,U,Y,1744625.0,1628913.0,115712.0,760947.0,983678.0,36472.0,36472.0,26643.0,2973.0,29616.0
AZ,Arizona,2025-10-01,2025,U,Y,1720153.0,1605769.0,114384.0,751998.0,968155.0,36854.0,36854.0,25562.0,2333.0,27895.0
AZ,Arizona,2025-11-01,2025,U,Y,1693731.0,1579905.0,113826.0,741576.0,952155.0,47172.0,47172.0,20411.0,1927.0,22338.0
AZ,Arizona,2025-12-01,2025,U,Y,1678092.0,1565458.0,112634.0,734622.0,943470.0,52820.0,52820.0,23509.0,2276.0,25785.0
AZ,Arizona,2026-01-01,2026,U,Y,1662690.0,1550145.0,112545.0,728611.0,934079.0,45256.0,45256.0,26473.0,2504.0,28977.0
AZ,Arizona,2026-02-01,2026,P,N,1639141.0,1527741.0,111400.0,719644.0,919497.0,39704.0,39704.0,27490.0,2504.0,29994.0
CA,California,2025-03-01,2025,U,Y,13476132.0,12241886.0,1234246.0,4998839.0,8477293.0,111540.0,195354.0,180455.0,14745.0,195200.0
CA,California,2025-04-01,2025,U,Y,13429081.0,12199798.0,1229283.0,4976086.0,8452995.0,117381.0,195679.0,181860.0,14811.0,196671.0
CA,California,2025-05-01,2025,U,Y,13409214.0,12183309.0,1225905.0,4965106.0,8444108.0,77284.0,148159.0,166661.0,12884.0,179545.0
CA,California,2025-06-01,2025,U,Y,13382455.0,12156059.0,1226396.0,4947634.0,8434821.0,71175.0,134804.0,149178.0,11274.0,160452.0
CA,California,2025-07-01,2025,U,Y,13394082.0,12165425.0,1228657.0,4945975.0,8448107.0,78795.0,139440.0,152825.0,11754.0,164579.0
CA,California,2025-08-01,2025,U,Y,13292415.0,12061800.0,1230615.0,4920461.0,8371954.0,78395.0,140325.0,145288.0,11566.0,156854.0
CA,California,2025-09-01,2025,U,Y,13214259.0,11978256.0,1236003.0,4892268.0,8321991.0,85373.0,142552.0,146803.0,11238.0,158041.0
CA,California,2025-10-01,2025,U,Y,13189926.0,11944258.0,1245668.0,4875302.0,8314624.0,83760.0,164333.0,156685.0,12026.0,168711.0
CA,California,2025-11-01,2025,U,Y,12778416.0,11554412.0,1224004.0,4646928.0,8131488.0,67456.0,248243.0,121177.0,9347.0,130524.0
CA,California,2025-12-01,2025,U,Y,12731627.0,11498458.0,1233169.0,4628424.0,8103203.0,86642.0,238912.0,151550.0,12274.0,163824.0
CA,California,2026-01-01,2026,U,Y,12676877.0,11431774.0,1245103.0,4620188.0,8056689.0,88055.0,196311.0,147719.0,11824.0,159543.0
CA,California,2026-02-01,2026,P,N,12447923.0,11206969.0,1240954.0,4558107.0,7889816.0,82027.0,172960.0,139641.0,11336.0,150977.0
CO,Colorado,2025-03-01,2025,U,Y,1214035.0,1061370.0,152665.0,530163.0,683872.0,22390.0,22477.0,19610.0,1514.0,21124.0
CO,Colorado,2025-04-01,2025,U,Y,1215244.0,1067897.0,147347.0,529777.0,685467.0,22904.0,22999.0,19792.0,1366.0,21158.0
CO,Colorado,2025-05-01,2025,U,Y,1211048.0,1066598.0,144450.0,528262.0,682786.0,21235.0,21321.0,17808.0,1212.0,19020.0
CO,Colorado,2025-06-01,2025,U,Y,1211357.0,1068294.0,143063.0,528982.0,682375.0,20397.0,20493.0,16595.0,1105.0,17700.0
CO,Colorado,2025-07-01,2025,U,Y,1211065.0,1069623.0,141442.0,528719.0,682346.0,22067.0,22166.0,18239.0,1309.0,19548.0
CO,Colorado,2025-08-01,2025,U,Y,1208383.0,1068445.0,139938.0,528044.0,680339.0,22566.0,22646.0,17661.0,1397.0,19058.0
CO,Colorado,2025-09-01,2025,U,Y,1197220.0,1057804.0,139416.0,524619.0,672601.0,22292.0,22353.0,17559.0,1289.0,18848.0
CO,Colorado,2025-10-01,2025,U,Y,1192039.0,1053380.0,138659.0,521948.0,670091.0,21043.0,21112.0,16309.0,1190.0,17499.0
CO,Colorado,2025-11-01,2025,U,Y,1186276.0,1046707.0,139569.0,524467.0,661809.0,23263.0,23403.0,16234.0,1651.0,17885.0
CO,Colorado,2025-12-01,2025,U,Y,1193308.0,1052954.0,140354.0,526651.0,666657.0,25615.0,25791.0,19335.0,1609.0,20944.0
CO,Colorado,2026-01-01,2026,U,Y,1197857.0,1057257.0,140600.0,527753.0,670104.0,26008.0,26137.0,20677.0,1572.0,22249.0
CO,Colorado,2026-02-01,2026,P,N,1183855.0,1044511.0,139344.0,524426.0,659429.0,21729.0,21831.0,16678.0,1018.0,17696.0
CT,Connecticut,2025-03-01,2025,U,Y,927823.0,903080.0,24743.0,369456.0,558367.0,6048.0,17655.0,10646.0,476.0,11122.0
CT,Connecticut,2025-04-01,2025,U,Y,920084.0,894937.0,25147.0,367310.0,552774.0,6599.0,18664.0,11678.0,493.0,12171.0
CT,Connecticut,2025-05-01,2025,U,Y,918345.0,893063.0,25282.0,366898.0,551447.0,6509.0,17866.0,10761.0,479.0,11240.0
CT,Connecticut,2025-06-01,2025,U,Y,916189.0,891132.0,25057.0,366124.0,550065.0,6219.0,17171.0,10336.0,437.0,10773.0
CT,Connecticut,2025-07-01,2025,U,Y,915836.0,890819.0,25017.0,366242.0,549594.0,6307.0,17505.0,10597.0,536.0,11133.0
CT,Connecticut,2025-08-01,2025,U,Y,915136.0,890315.0,24821.0,366256.0,548880.0,5755.0,17127.0,10762.0,476.0,11238.0
CT,Connecticut,2025-09-01,2025,U,Y,914518.0,889736.0,24782.0,366153.0,548365.0,5997.0,17549.0,10543.0,552.0,11095.0
CT,Connecticut,2025-10-01,2025,U,Y,913090.0,888296.0,24794.0,365506.0,547584.0,5874.0,17576.0,10669.0,495.0,11164.0
CT,Connecticut,2025-11-01,2025,U,Y,907051.0,882013.0,25038.0,364332.0,542719.0,6109.0,19764.0,10664.0,564.0,11228.0
CT,Connecticut,2025-12-01,2025,U,Y,907009.0,881656.0,25353.0,365326.0,541683.0,6727.0,27589.0,12761.0,772.0,13533.0
CT,Connecticut,2026-01-01,2026,U,Y,906780.0,881181.0,25599.0,364025.0,542755.0,6853.0,22632.0,11968.0,553.0,12521.0
CT,Connecticut,2026-02-01,2026,P,N,903159.0,877669.0,25490.0,364027.0,539132.0,6120.0,17475.0,9458.0,455.0,9913.0
DC,District of Columbia,2025-03-01,2025,U,Y,261474.0,243989.0,17485.0,96746.0,164728.0,1718.0,1718.0,0.0,0.0,0.0
DC,District of Columbia,2025-04-01,2025,U,Y,261668.0,244138.0,17530.0,97162.0,164506.0,1462.0,1462.0,0.0,0.0,0.0
DC,District of Columbia,2025-05-01,2025,U,Y,260734.0,243211.0,17523.0,96850.0,163884.0,1364.0,1364.0,0.0,0.0,0.0
DC,District of Columbia,2025-06-01,2025,U,Y,260002.0,242480.0,17522.0,96703.0,163299.0,1172.0,1172.0,0.0,0.0,0.0
DC,District of Columbia,2025-07-01,2025,U,Y,259767.0,242427.0,17340.0,96458.0,163309.0,1359.0,1359.0,0.0,0.0,0.0
DC,District of Columbia,2025-08-01,2025,U,Y,258668.0,241742.0,16926.0,95802.0,162866.0,1213.0,1213.0,0.0,0.0,0.0
DC,District of Columbia,2025-09-01,2025,U,Y,258880.0,242408.0,16472.0,95682.0,163198.0,1263.0,1263.0,0.0,0.0,0.0
DC,District of Columbia,2025-10-01,2025,U,Y,259301.0,242920.0,16381.0,95532.0,163769.0,1173.0,1173.0,0.0,0.0,0.0
DC,District of Columbia,2025-11-01,2025,U,Y,258617.0,242274.0,16343.0,95233.0,163384.0,929.0,929.0,0.0,0.0,0.0
DC,District of Columbia,2025-12-01,2025,U,Y,258572.0,242180.0,16392.0,94886.0,163686.0,1009.0,1009.0,0.0,0.0,0.0
DC,District of Columbia,2026-01-01,2026,U,Y,239432.0,223134.0,16298.0,94087.0,145345.0,1080.0,1080.0,0.0,0.0,0.0
DC,District of Columbia,2026-02-01,2026,P,N,239206.0,223016.0,16190.0,93708.0,145498.0,918.0,918.0,0.0,0.0,0.0
DE,Delaware,2025-03-01,2025,U,Y,247380.0,234184.0,13196.0,109611.0,137769.0,4979.0,4979.0,4088.0,823.0,4911.0
DE,Delaware,2025-04-01,2025,U,Y,246306.0,232967.0,13339.0,108795.0,137511.0,4632.0,4632.0,4170.0,918.0,5088.0
DE,Delaware,2025-05-01,2025,U,Y,245472.0,232080.0,13392.0,108660.0,136812.0,4524.0,4524.0,4742.0,888.0,5630.0
DE,Delaware,2025-06-01,2025,U,Y,244962.0,231565.0,13397.0,108326.0,136636.0,4257.0,4257.0,4347.0,814.0,5161.0
DE,Delaware,2025-07-01,2025,U,Y,244501.0,231021.0,13480.0,108170.0,136331.0,3986.0,3986.0,4074.0,829.0,4903.0
DE,Delaware,2025-08-01,2025,U,Y,244057.0,230525.0,13532.0,107955.0,136102.0,3879.0,3879.0,4100.0,809.0,4909.0
DE,Delaware,2025-09-01,2025,U,Y,243805.0,230166.0,13639.0,107967.0,135838.0,4068.0,4068.0,4340.0,815.0,5155.0
DE,Delaware,2025-10-01,2025,U,Y,242745.0,228908.0,13837.0,107720.0,135025.0,4054.0,4054.0,4197.0,1003.0,5200.0
DE,Delaware,2025-11-01,2025,U,Y,241168.0,227234.0,13934.0,107084.0,134084.0,6444.0,6444.0,3778.0,976.0,4754.0
DE,Delaware,2025-12-01,2025,U,Y,240456.0,226467.0,13989.0,106707.0,133749.0,7925.0,7925.0,3720.0,778.0,4498.0
DE,Delaware,2026-01-01,2026,U,Y,239213.0,225267.0,13946.0,106101.0,133112.0,5569.0,5569.0,3622.0,738.0,4360.0
DE,Delaware,2026-02-01,2026,P,N,238342.0,224335.0,14007.0,105642.0,132700.0,3924.0,3924.0,3411.0,795.0,4206.0
FL,Florida,2025-03-01,2025,U,Y,3735641.0,3569105.0,166536.0,2417786.0,1317855.0,268629.0,268629.0,163477.0,21344.0,184821.0
FL,Florida,2025-04-01,2025,U,Y,3715495.0,3547116.0,168379.0,2408879.0,1306616.0,265884.0,265884.0,153809.0,17965.0,171774.0
FL,Florida,2025-05-01,2025,U,Y,3699610.0,3532443.0,167167.0,2397034.0,1302576.0,254915.0,254915.0,140098.0,17410.0,157508.0
FL,Florida,2025-06-01,2025,U,Y,3695066.0,3529355.0,165711.0,2391614.0,1303452.0,251711.0,251711.0,131211.0,17119.0,148330.0
FL,Florida,2025-07-01,2025,U,Y,3671259.0,3506368.0,164891.0,2377877.0,1293382.0,275527.0,275527.0,105936.0,15655.0,121591.0
FL,Florida,2025-08-01,2025,U,Y,3674391.0,3509167.0,165224.0,2377844.0,1296547.0,259304.0,259304.0,134870.0,19381.0,154251.0
FL,Florida,2025-09-01,2025,U,Y,3639607.0,3476089.0,163518.0,2342269.0,1297338.0,272285.0,272285.0,150446.0,21321.0,171767.0
FL,Florida,2025-10-01,2025,U,Y,3648091.0,3485075.0,163016.0,2355956.0,1292135.0,249840.0,249840.0,160974.0,23067.0,184041.0
FL,Florida,2025-11-01,2025,U,Y,3611012.0,3447907.0,163105.0,2331122.0,1279890.0,196745.0,196745.0,108447.0,20322.0,128769.0
FL,Florida,2025-12-01,2025,U,Y,3592110.0,3431155.0,160955.0,2317039.0,1275071.0,278011.0,278011.0,123677.0,22678.0,146355.0
FL,Florida,2026-01-01,2026,U,Y,3588652.0,3425630.0,163022.0,2312874.0,1275778.0,284755.0,284755.0,129753.0,21598.0,151351.0
FL,Florida,2026-02-01,2026,P,N,3580247.0,3414969.0,165278.0,2303879.0,1276368.0,239516.0,239516.0,124056.0,19871.0,143927.0
GA,Georgia,2025-03-01,2025,U,Y,1943066.0,1720148.0,222918.0,1380081.0,562985.0,52513.0,56456.0,27712.0,819.0,28531.0
GA,Georgia,2025-04-01,2025,U,Y,1934702.0,1727644.0,207058.0,1372054.0,562648.0,54698.0,58651.0,28586.0,706.0,29292.0
GA,Georgia,2025-05-01,2025,U,Y,1927756.0,1723236.0,204520.0,1366715.0,561041.0,53989.0,58049.0,27806.0,898.0,28704.0
GA,Georgia,2025-06-01,2025,U,Y,1921784.0,1719814.0,201970.0,1360738.0,561046.0,47569.0,54144.0,25848.0,1018.0,26866.0
GA,Georgia,2025-07-01,2025,U,Y,1919391.0,1720189.0,199202.0,1357783.0,561608.0,50423.0,58793.0,25723.0,690.0,26413.0
GA,Georgia,2025-08-01,2025,U,Y,1904949.0,1708613.0,196336.0,1347840.0,557109.0,48817.0,57206.0,27116.0,838.0,27954.0
GA,Georgia,2025-09-01,2025,U,Y,1906009.0,1711876.0,194133.0,1346558.0,559451.0,49698.0,57671.0,26270.0,728.0,26998.0
GA,Georgia,2025-10-01,2025,U,Y,1895046.0,1703918.0,191128.0,1337670.0,557376.0,46406.0,56514.0,25835.0,765.0,26600.0
GA,Georgia,2025-11-01,2025,U,Y,1888985.0,1698374.0,190611.0,1332431.0,556554.0,38789.0,68962.0,17977.0,651.0,18628.0
GA,Georgia,2025-12-01,2025,U,Y,1882498.0,1692481.0,190017.0,1325119.0,557379.0,47726.0,88032.0,22401.0,995.0,23396.0
GA,Georgia,2026-01-01,2026,U,Y,1879129.0,1691607.0,187522.0,1321355.0,557774.0,54041.0,76688.0,20985.0,878.0,21863.0
GA,Georgia,2026-02-01,2026,P,N,1841369.0,1659357.0,182012.0,1295769.0,545600.0,45405.0,57044.0,21042.0,673.0,21715.0
HI,Hawaii,2025-03-01,2025,U,Y,401480.0,377995.0,23485.0,154557.0,246923.0,3627.0,3627.0,4410.0,186.0,4596.0
HI,Hawaii,2025-04-01,2025,U,Y,399412.0,375712.0,23700.0,154292.0,245120.0,3696.0,3696.0,4699.0,224.0,4923.0
HI,Hawaii,2025-05-01,2025,U,Y,395873.0,372190.0,23683.0,153441.0,242432.0,3574.0,3574.0,4534.0,205.0,4739.0
HI,Hawaii,2025-06-01,2025,U,Y,394045.0,370469.0,23576.0,152564.0,241481.0,3544.0,3544.0,4460.0,188.0,4648.0
HI,Hawaii,2025-07-01,2025,U,Y,392938.0,369385.0,23553.0,152335.0,240603.0,3222.0,3222.0,2936.0,173.0,3109.0
HI,Hawaii,2025-08-01,2025,U,Y,391691.0,367988.0,23703.0,152403.0,239288.0,3575.0,3575.0,4093.0,247.0,4340.0
HI,Hawaii,2025-09-01,2025,U,Y,390360.0,366401.0,23959.0,152558.0,237802.0,4117.0,4117.0,4615.0,250.0,4865.0
HI,Hawaii,2025-10-01,2025,U,Y,390044.0,365969.0,24075.0,152634.0,237410.0,3949.0,3949.0,4585.0,197.0,4782.0
HI,Hawaii,2025-11-01,2025,U,Y,389135.0,364787.0,24348.0,152784.0,236351.0,3297.0,3297.0,4503.0,318.0,4821.0
HI,Hawaii,2025-12-01,2025,U,Y,388228.0,363466.0,24762.0,153121.0,235107.0,3733.0,3733.0,3496.0,264.0,3760.0
HI,Hawaii,2026-01-01,2026,U,Y,388088.0,362742.0,25346.0,153495.0,234593.0,3872.0,3872.0,4609.0,249.0,4858.0
HI,Hawaii,2026-02-01,2026,P,N,387233.0,361658.0,25575.0,153572.0,233661.0,3409.0,3409.0,4051.0,141.0,4192.0
IA,Iowa,2025-03-01,2025,U,Y,677395.0,591157.0,86238.0,337270.0,340125.0,19115.0,19115.0,10748.0,1803.0,12551.0
IA,Iowa,2025-04-01,2025,U,Y,675144.0,589030.0,86114.0,336939.0,338205.0,20199.0,20199.0,10804.0,1787.0,12591.0
IA,Iowa,2025-05-01,2025,U,Y,673680.0,587212.0,86468.0,336454.0,337226.0,19118.0,19118.0,9395.0,1596.0,10991.0
IA,Iowa,2025-06-01,2025,U,Y,671287.0,585095.0,86192.0,335410.0,335877.0,17849.0,17849.0,9589.0,1738.0,11327.0
IA,Iowa,2025-07-01,2025,U,Y,671481.0,585421.0,86060.0,335416.0,336065.0,19579.0,19579.0,9249.0,1567.0,10816.0
IA,Iowa,2025-08-01,2025,U,Y,671247.0,584895.0,86352.0,335177.0,336070.0,19993.0,19993.0,9486.0,1797.0,11283.0
IA,Iowa,2025-09-01,2025,U,Y,672580.0,586619.0,85961.0,335297.0,337283.0,19218.0,19218.0,9007.0,1803.0,10810.0
IA,Iowa,2025-10-01,2025,U,Y,671561.0,585871.0,85690.0,334222.0,337339.0,18622.0,18622.0,9375.0,1830.0,11205.0
IA,Iowa,2025-11-01,2025,U,Y,670680.0,585282.0,85398.0,332701.0,337979.0,21365.0,21365.0,7131.0,1299.0,8430.0
IA,Iowa,2025-12-01,2025,U,Y,671552.0,586048.0,85504.0,332433.0,339119.0,29015.0,29015.0,10880.0,1796.0,12676.0
IA,Iowa,2026-01-01,2026,U,Y,673917.0,588370.0,85547.0,333571.0,340346.0,23214.0,23214.0,11210.0,2100.0,13310.0
IA,Iowa,2026-02-01,2026,P,N,670025.0,585321.0,84704.0,331383.0,338642.0,18300.0,18300.0,9393.0,1978.0,11371.0
ID,Idaho,2025-03-01,2025,U,Y,321720.0,301261.0,20459.0,158566.0,163154.0,8808.0,8808.0,8823.0,618.0,9441.0
ID,Idaho,2025-04-01,2025,U,Y,320470.0,300434.0,20036.0,157521.0,162949.0,9142.0,9142.0,9002.0,659.0,9661.0
ID,Idaho,2025-05-01,2025,U,Y,318814.0,298932.0,19882.0,156736.0,162078.0,8246.0,8246.0,8212.0,662.0,8874.0
ID,Idaho,2025-06-01,2025,U,Y,315910.0,296251.0,19659.0,155389.0,160521.0,8022.0,8022.0,7870.0,581.0,8451.0
ID,Idaho,2025-07-01,2025,U,Y,316230.0,296661.0,19569.0,154901.0,161329.0,9134.0,9134.0,8630.0,633.0,9263.0
ID,Idaho,2025-08-01,2025,U,Y,315337.0,295855.0,19482.0,154400.0,160937.0,8423.0,8423.0,8095.0,645.0,8740.0
ID,Idaho,2025-09-01,2025,U,Y,315251.0,295732.0,19519.0,154108.0,161143.0,8733.0,8733.0,8419.0,684.0,9103.0
ID,Idaho,2025-10-01,2025,U,Y,314788.0,295134.0,19654.0,153471.0,161317.0,8903.0,8903.0,8776.0,771.0,9547.0
ID,Idaho,2025-11-01,2025,U,Y,313479.0,293777.0,19702.0,152921.0,160558.0,7317.0,7317.0,7017.0,750.0,7767.0
ID,Idaho,2025-12-01,2025,U,Y,313952.0,294104.0,19848.0,153043.0,160909.0,8713.0,8713.0,9435.0,866.0,10301.0
ID,Idaho,2026-01-01,2026,U,Y,314295.0,294404.0,19891.0,153016.0,161279.0,9023.0,9023.0,8535.0,668.0,9203.0
ID,Idaho,2026-02-01,2026,P,N,311066.0,291471.0,19595.0,151079.0,159987.0,7519.0,7519.0,7158.0,549.0,7707.0
IL,Illinois,2025-03-01,2025,U,Y,3194479.0,2894353.0,300126.0,1421827.0,1772652.0,48376.0,48376.0,42832.0,5455.0,48287.0
IL,Illinois,2025-04-01,2025,U,Y,3166113.0,2868482.0,297631.0,1411821.0,1754292.0,47604.0,47604.0,39753.0,4797.0,44550.0
IL,Illinois,2025-05-01,2025,U,Y,3143847.0,2843834.0,300013.0,1402845.0,1741002.0,44091.0,44091.0,37064.0,3935.0,40999.0
IL,Illinois,2025-06-01,2025,U,Y,3122783.0,2820385.0,302398.0,1395133.0,1727650.0,43021.0,43021.0,34434.0,3737.0,38171.0
IL,Illinois,2025-07-01,2025,U,Y,3113340.0,2809169.0,304171.0,1392924.0,1720416.0,47141.0,47141.0,39157.0,4384.0,43541.0
IL,Illinois,2025-08-01,2025,U,Y,3103271.0,2797602.0,305669.0,1389220.0,1714051.0,49055.0,49055.0,37800.0,4303.0,42103.0
IL,Illinois,2025-09-01,2025,U,Y,3081581.0,2773141.0,308440.0,1381460.0,1700121.0,46815.0,46815.0,36190.0,3738.0,39928.0
IL,Illinois,2025-10-01,2025,U,Y,3055971.0,2743539.0,312432.0,1371355.0,1684616.0,41683.0,41683.0,33640.0,3556.0,37196.0
IL,Illinois,2025-11-01,2025,U,Y,3038514.0,2719408.0,319106.0,1365826.0,1672688.0,36731.0,462922.0,28294.0,3268.0,31562.0
IL,Illinois,2025-12-01,2025,U,Y,3023402.0,2700951.0,322451.0,1360114.0,1663288.0,42692.0,216675.0,37259.0,4227.0,41486.0
IL,Illinois,2026-01-01,2026,U,Y,3016172.0,2691244.0,324928.0,1356091.0,1660081.0,50042.0,154679.0,40723.0,4444.0,45167.0
IL,Illinois,2026-02-01,2026,P,N,2988258.0,2666845.0,321413.0,1345411.0,1642847.0,43451.0,133810.0,34986.0,3816.0,38802.0
IN,Indiana,2025-03-01,2025,U,Y,1781352.0,1633331.0,148021.0,827248.0,954104.0,55678.0,55678.0,35999.0,1728.0,37727.0
IN,Indiana,2025-04-01,2025,U,Y,1754412.0,1608177.0,146235.0,818046.0,936366.0,57897.0,57897.0,33499.0,1692.0,35191.0
IN,Indiana,2025-05-01,2025,U,Y,1725367.0,1580144.0,145223.0,813022.0,912345.0,56813.0,56813.0,32237.0,1611.0,33848.0
IN,Indiana,2025-06-01,2025,U,Y,1683055.0,1546043.0,137012.0,787771.0,895284.0,60414.0,60414.0,33756.0,1888.0,35644.0
IN,Indiana,2025-07-01,2025,U,Y,1656610.0,1523457.0,133153.0,776169.0,880441.0,65395.0,65395.0,37152.0,2671.0,39823.0
IN,Indiana,2025-08-01,2025,U,Y,1622884.0,1494002.0,128882.0,758517.0,864367.0,67022.0,67022.0,36464.0,2785.0,39249.0
IN,Indiana,2025-09-01,2025,U,Y,1598756.0,1472252.0,126504.0,745746.0,853010.0,68005.0,68005.0,39096.0,3340.0,42436.0
IN,Indiana,2025-10-01,2025,U,Y,1587156.0,1460721.0,126435.0,740602.0,846554.0,66623.0,66623.0,38693.0,3194.0,41887.0
IN,Indiana,2025-11-01,2025,U,Y,1557726.0,1431868.0,125858.0,726884.0,830842.0,69308.0,69308.0,30342.0,2565.0,32907.0
IN,Indiana,2025-12-01,2025,U,Y,1538217.0,1412073.0,126144.0,717082.0,821135.0,77784.0,77784.0,38494.0,2950.0,41444.0
IN,Indiana,2026-01-01,2026,U,Y,1480110.0,1356708.0,123402.0,706777.0,773333.0,72055.0,72055.0,36888.0,2844.0,39732.0
IN,Indiana,2026-02-01,2026,P,N,1438283.0,1317985.0,120298.0,683558.0,754725.0,63533.0,63533.0,44444.0,3212.0,47656.0
KS,Kansas,2025-03-01,2025,U,Y,420105.0,343671.0,76434.0,288536.0,131569.0,12799.0,12799.0,505.0,185.0,690.0
KS,Kansas,2025-04-01,2025,U,Y,419550.0,343628.0,75922.0,288846.0,130704.0,12783.0,12783.0,471.0,155.0,626.0
KS,Kansas,2025-05-01,2025,U,Y,414776.0,339887.0,74889.0,286001.0,128775.0,12437.0,12437.0,442.0,170.0,612.0
KS,Kansas,2025-06-01,2025,U,Y,413182.0,339002.0,74180.0,285282.0,127900.0,12317.0,12317.0,618.0,231.0,849.0
KS,Kansas,2025-07-01,2025,U,Y,409987.0,336575.0,73412.0,283705.0,126282.0,13601.0,13601.0,520.0,256.0,776.0
KS,Kansas,2025-08-01,2025,U,Y,409720.0,336484.0,73236.0,284134.0,125586.0,13543.0,13543.0,548.0,353.0,901.0
KS,Kansas,2025-09-01,2025,U,Y,407568.0,334795.0,72773.0,282827.0,124741.0,13222.0,13222.0,501.0,268.0,769.0
KS,Kansas,2025-10-01,2025,U,Y,408565.0,335844.0,72721.0,281058.0,127507.0,13483.0,13483.0,428.0,282.0,710.0
KS,Kansas,2025-11-01,2025,U,Y,407624.0,335135.0,72489.0,280589.0,127035.0,11135.0,11135.0,347.0,286.0,633.0
KS,Kansas,2025-12-01,2025,U,Y,405747.0,333442.0,72305.0,279656.0,126091.0,13460.0,13460.0,339.0,406.0,745.0
KS,Kansas,2026-01-01,2026,U,Y,404868.0,332280.0,72588.0,279812.0,125056.0,15187.0,15187.0,370.0,454.0,824.0
KS,Kansas,2026-02-01,2026,P,N,396574.0,324334.0,72240.0,275564.0,121010.0,13068.0,13068.0,392.0,321.0,713.0
KY,Kentucky,2025-03-01,2025,U,Y,1380611.0,1243884.0,136727.0,628836.0,751775.0,8967.0,8967.0,8417.0,520.0,8937.0
KY,Kentucky,2025-04-01,2025,U,Y,1381447.0,1249062.0,132385.0,628926.0,752521.0,8573.0,8573.0,8432.0,589.0,9021.0
KY,Kentucky,2025-05-01,2025,U,Y,1376902.0,1244849.0,132053.0,628088.0,748814.0,8734.0,8734.0,8428.0,536.0,8964.0
KY,Kentucky,2025-06-01,2025,U,Y,1371559.0,1237894.0,133665.0,627558.0,744001.0,10266.0,10266.0,8923.0,486.0,9409.0
KY,Kentucky,2025-07-01,2025,U,Y,1370654.0,1236124.0,134530.0,628192.0,742462.0,10177.0,10177.0,9581.0,657.0,10238.0
KY,Kentucky,2025-08-01,2025,U,Y,1365810.0,1230861.0,134949.0,627769.0,738041.0,9244.0,9244.0,8949.0,618.0,9567.0
KY,Kentucky,2025-09-01,2025,U,Y,1364425.0,1227929.0,136496.0,626665.0,737760.0,9742.0,9742.0,8629.0,600.0,9229.0
KY,Kentucky,2025-10-01,2025,U,Y,1352717.0,1217122.0,135595.0,620415.0,732302.0,8630.0,8630.0,8830.0,780.0,9610.0
KY,Kentucky,2025-11-01,2025,U,Y,1333620.0,1200890.0,132730.0,607200.0,726420.0,8307.0,8307.0,6684.0,723.0,7407.0
KY,Kentucky,2025-12-01,2025,U,Y,1327761.0,1194495.0,133266.0,603682.0,724079.0,9603.0,9603.0,8702.0,862.0,9564.0
KY,Kentucky,2026-01-01,2026,U,Y,1325311.0,1190978.0,134333.0,601443.0,723868.0,9344.0,9344.0,9315.0,894.0,10209.0
KY,Kentucky,2026-02-01,2026,P,N,1305256.0,1176615.0,128641.0,586488.0,718768.0,8139.0,8139.0,9220.0,1072.0,10292.0
LA,Louisiana,2025-03-01,2025,U,Y,1518605.0,1372332.0,146273.0,710814.0,807791.0,22787.0,22787.0,9729.0,953.0,10682.0
LA,Louisiana,2025-04-01,2025,U,Y,1505887.0,1359775.0,146112.0,709805.0,796082.0,22953.0,22953.0,10307.0,907.0,11214.0
LA,Louisiana,2025-05-01,2025,U,Y,1494228.0,1349845.0,144383.0,707256.0,786972.0,22626.0,22626.0,9810.0,911.0,10721.0
LA,Louisiana,2025-06-01,2025,U,Y,1480362.0,1337888.0,142474.0,704766.0,775596.0,23023.0,23023.0,10222.0,881.0,11103.0
LA,Louisiana,2025-07-01,2025,U,Y,1462342.0,1320698.0,141644.0,701503.0,760839.0,25394.0,25394.0,11841.0,967.0,12808.0
LA,Louisiana,2025-08-01,2025,U,Y,1454019.0,1313190.0,140829.0,699756.0,754263.0,24599.0,24599.0,10917.0,903.0,11820.0
LA,Louisiana,2025-09-01,2025,U,Y,1451091.0,1310796.0,140295.0,697394.0,753697.0,25406.0,25406.0,11356.0,1004.0,12360.0
LA,Louisiana,2025-10-01,2025,U,Y,1428636.0,1288804.0,139832.0,693031.0,735605.0,25213.0,25213.0,9728.0,632.0,10360.0
LA,Louisiana,2025-11-01,2025,U,Y,1412524.0,1274536.0,137988.0,686739.0,725785.0,21222.0,21222.0,9294.0,708.0,10002.0
LA,Louisiana,2025-12-01,2025,U,Y,1403139.0,1265315.0,137824.0,682370.0,720769.0,23794.0,23794.0,9459.0,713.0,10172.0
LA,Louisiana,2026-01-01,2026,U,Y,1395214.0,1257523.0,137691.0,680716.0,714498.0,27463.0,27463.0,9981.0,621.0,10602.0
LA,Louisiana,2026-02-01,2026,P,N,1367435.0,1231040.0,136395.0,670589.0,696846.0,24333.0,24333.0,9523.0,699.0,10222.0
MA,Massachusetts,2025-03-01,2025,U,Y,1638219.0,1447002.0,191217.0,698659.0,939560.0,13062.0,20790.0,12288.0,821.0,13109.0
MA,Massachusetts,2025-04-01,2025,U,Y,1627008.0,1437219.0,189789.0,694224.0,932784.0,13633.0,21131.0,11813.0,806.0,12619.0
MA,Massachusetts,2025-05-01,2025,U,Y,1618344.0,1428803.0,189541.0,691835.0,926509.0,12875.0,20149.0,11219.0,897.0,12116.0
MA,Massachusetts,2025-06-01,2025,U,Y,1612336.0,1423645.0,188691.0,689551.0,922785.0,12542.0,19573.0,10820.0,775.0,11595.0
MA,Massachusetts,2025-07-01,2025,U,Y,1608884.0,1420646.0,188238.0,688821.0,920063.0,14307.0,22848.0,12670.0,954.0,13624.0
MA,Massachusetts,2025-08-01,2025,U,Y,1600469.0,1413708.0,186761.0,686597.0,913872.0,13973.0,22951.0,12592.0,954.0,13546.0
MA,Massachusetts,2025-09-01,2025,U,Y,1599046.0,1411397.0,187649.0,689076.0,909970.0,14876.0,23085.0,11724.0,836.0,12560.0
MA,Massachusetts,2025-10-01,2025,U,Y,1602141.0,1409698.0,192443.0,692440.0,909701.0,14018.0,19620.0,9505.0,644.0,10149.0
MA,Massachusetts,2025-11-01,2025,U,Y,1598183.0,1405793.0,192390.0,691630.0,906553.0,12565.0,19526.0,9304.0,833.0,10137.0
MA,Massachusetts,2025-12-01,2025,U,Y,1588695.0,1396994.0,191701.0,687091.0,901604.0,13709.0,21775.0,10807.0,868.0,11675.0
MA,Massachusetts,2026-01-01,2026,U,Y,1582148.0,1393368.0,188780.0,683543.0,898605.0,13155.0,21873.0,10898.0,817.0,11715.0
MA,Massachusetts,2026-02-01,2026,P,N,1567203.0,1383816.0,183387.0,675642.0,891561.0,11704.0,17640.0,8917.0,699.0,9616.0
MD,Maryland,2025-03-01,2025,U,Y,1453118.0,1248720.0,204398.0,682942.0,770176.0,7117.0,125191.0,86364.0,13081.0,99445.0
MD,Maryland,2025-04-01,2025,U,Y,1444536.0,1238876.0,205660.0,683578.0,760958.0,6559.0,123524.0,83533.0,12430.0,95963.0
MD,Maryland,2025-05-01,2025,U,Y,1434297.0,1228521.0,205776.0,682133.0,752164.0,6425.0,126378.0,79925.0,12147.0,92072.0
MD,Maryland,2025-06-01,2025,U,Y,1433995.0,1228932.0,205063.0,681758.0,752237.0,6336.0,130600.0,77041.0,12039.0,89080.0
MD,Maryland,2025-07-01,2025,U,Y,1424578.0,1221209.0,203369.0,679068.0,745510.0,11142.0,157052.0,97477.0,12915.0,110392.0
MD,Maryland,2025-08-01,2025,U,Y,1421219.0,1219178.0,202041.0,678222.0,742997.0,10164.0,147974.0,90067.0,12308.0,102375.0
MD,Maryland,2025-09-01,2025,U,Y,1419315.0,1218641.0,200674.0,677589.0,741726.0,10865.0,157736.0,95689.0,12553.0,108242.0
MD,Maryland,2025-10-01,2025,U,Y,1410807.0,1212370.0,198437.0,674948.0,735859.0,10499.0,157879.0,93794.0,12799.0,106593.0
MD,Maryland,2025-11-01,2025,U,Y,1407895.0,1209670.0,198225.0,673736.0,734159.0,8892.0,167518.0,98886.0,18737.0,117623.0
MD,Maryland,2025-12-01,2025,U,Y,1406894.0,1208676.0,198218.0,672924.0,733970.0,10982.0,171416.0,109258.0,20844.0,130102.0
MD,Maryland,2026-01-01,2026,U,Y,1401306.0,1204208.0,197098.0,669982.0,731324.0,11614.0,152285.0,100551.0,18122.0,118673.0
MD,Maryland,2026-02-01,2026,P,N,1388290.0,1192846.0,195444.0,664200.0,724090.0,10400.0,134590.0,83117.0,11225.0,94342.0
ME,Maine,2025-03-01,2025,U,Y,346294.0,318636.0,27658.0,141167.0,205127.0,6283.0,6962.0,8692.0,332.0,9024.0
ME,Maine,2025-04-01,2025,U,Y,345544.0,318177.0,27367.0,141243.0,204301.0,6094.0,6706.0,8689.0,241.0,8930.0
ME,Maine,2025-05-01,2025,U,Y,344515.0,317135.0,27380.0,141279.0,203236.0,6463.0,7000.0,8809.0,262.0,9071.0
ME,Maine,2025-06-01,2025,U,Y,343303.0,315919.0,27384.0,141046.0,202257.0,5991.0,6504.0,7812.0,239.0,8051.0
ME,Maine,2025-07-01,2025,U,Y,343220.0,315529.0,27691.0,141215.0,202005.0,6402.0,6989.0,6824.0,170.0,6994.0
ME,Maine,2025-08-01,2025,U,Y,343306.0,315678.0,27628.0,141304.0,202002.0,6014.0,6595.0,7408.0,202.0,7610.0
ME,Maine,2025-09-01,2025,U,Y,342717.0,315226.0,27491.0,141103.0,201614.0,6246.0,6869.0,7232.0,191.0,7423.0
ME,Maine,2025-10-01,2025,U,Y,341564.0,313956.0,27608.0,140508.0,201056.0,6426.0,14319.0,8212.0,220.0,8432.0
ME,Maine,2025-11-01,2025,U,Y,341522.0,314237.0,27285.0,140469.0,201053.0,5747.0,8485.0,6771.0,187.0,6958.0
ME,Maine,2025-12-01,2025,U,Y,339610.0,312572.0,27038.0,139930.0,199680.0,6627.0,9651.0,8952.0,257.0,9209.0
ME,Maine,2026-01-01,2026,U,Y,337718.0,316385.0,21333.0,139481.0,198237.0,6681.0,8709.0,7698.0,7.0,7705.0
ME,Maine,2026-02-01,2026,P,N,334056.0,312922.0,21134.0,138365.0,195691.0,5942.0,6576.0,7192.0,12.0,7204.0
MI,Michigan,2025-03-01,2025,U,Y,2397016.0,2220841.0,176175.0,929703.0,1467313.0,47915.0,47915.0,35137.0,2482.0,37619.0
MI,Michigan,2025-04-01,2025,U,Y,2384020.0,2208236.0,175784.0,926476.0,1457544.0,50226.0,50226.0,36045.0,2488.0,38533.0
MI,Michigan,2025-05-01,2025,U,Y,2367798.0,2194757.0,173041.0,921916.0,1445882.0,49147.0,49147.0,35076.0,2373.0,37449.0
MI,Michigan,2025-06-01,2025,U,Y,2356885.0,2184986.0,171899.0,918790.0,1438095.0,47406.0,47406.0,33683.0,2218.0,35901.0
MI,Michigan,2025-07-01,2025,U,Y,2349132.0,2178393.0,170739.0,916551.0,1432581.0,52067.0,52067.0,37146.0,2499.0,39645.0
MI,Michigan,2025-08-01,2025,U,Y,2349062.0,2178293.0,170769.0,917093.0,1431969.0,49953.0,49953.0,35509.0,2458.0,37967.0
MI,Michigan,2025-09-01,2025,U,Y,2345745.0,2174909.0,170836.0,915178.0,1430567.0,50684.0,50684.0,37143.0,2580.0,39723.0
MI,Michigan,2025-10-01,2025,U,Y,2309880.0,2141597.0,168283.0,901845.0,1408035.0,53588.0,53588.0,37320.0,2728.0,40048.0
MI,Michigan,2025-11-01,2025,U,Y,2299761.0,2131207.0,168554.0,896939.0,1402822.0,46573.0,46573.0,34505.0,2646.0,37151.0
MI,Michigan,2025-12-01,2025,U,Y,2301457.0,2132117.0,169340.0,895236.0,1406221.0,49415.0,49415.0,38637.0,2918.0,41555.0
MI,Michigan,2026-01-01,2026,U,Y,2220872.0,2051642.0,169230.0,891829.0,1329043.0,55873.0,55873.0,39101.0,2835.0,41936.0
MI,Michigan,2026-02-01,2026,P,N,2194454.0,2027525.0,166929.0,881875.0,1312579.0,47799.0,47799.0,31978.0,2384.0,34362.0
MN,Minnesota,2025-03-01,2025,U,Y,1165733.0,1160699.0,5034.0,598290.0,567443.0,6370.0,24690.0,10309.0,130.0,10439.0
MN,Minnesota,2025-04-01,2025,U,Y,1163256.0,1158273.0,4983.0,599416.0,563840.0,6414.0,24591.0,9874.0,151.0,10025.0
MN,Minnesota,2025-05-01,2025,U,Y,1161679.0,1156765.0,4914.0,600650.0,561029.0,5543.0,22286.0,9559.0,103.0,9662.0
MN,Minnesota,2025-06-01,2025,U,Y,1160311.0,1155354.0,4957.0,602057.0,558254.0,5520.0,21973.0,9753.0,116.0,9869.0
MN,Minnesota,2025-07-01,2025,U,Y,1168373.0,1163530.0,4843.0,605525.0,562848.0,5741.0,22560.0,11009.0,155.0,11164.0
MN,Minnesota,2025-08-01,2025,U,Y,1169830.0,1165002.0,4828.0,607911.0,561919.0,5617.0,21671.0,10111.0,109.0,10220.0
MN,Minnesota,2025-09-01,2025,U,Y,1172422.0,1167709.0,4713.0,609909.0,562513.0,5888.0,23249.0,10884.0,115.0,10999.0
MN,Minnesota,2025-10-01,2025,U,Y,1168806.0,1164216.0,4590.0,609598.0,559208.0,5939.0,23182.0,10276.0,112.0,10388.0
MN,Minnesota,2025-11-01,2025,U,Y,1163157.0,1158706.0,4451.0,607240.0,555917.0,4800.0,27654.0,8908.0,71.0,8979.0
MN,Minnesota,2025-12-01,2025,U,Y,1158399.0,1154038.0,4361.0,604721.0,553678.0,5585.0,31671.0,10272.0,102.0,10374.0
MN,Minnesota,2026-01-01,2026,U,Y,1153220.0,1148999.0,4221.0,602097.0,551123.0,5415.0,28608.0,10575.0,83.0,10658.0
MN,Minnesota,2026-02-01,2026,P,N,1135076.0,1131094.0,3982.0,595402.0,539674.0,5260.0,19679.0,8515.0,70.0,8585.0
MO,Missouri,2025-03-01,2025,U,Y,1264707.0,1133825.0,130882.0,593475.0,671232.0,30455.0,30455.0,23030.0,2194.0,25224.0
MO,Missouri,2025-04-01,2025,U,Y,1254723.0,1127289.0,127434.0,587456.0,667267.0,29671.0,29671.0,19515.0,1758.0,21273.0
MO,Missouri,2025-05-01,2025,U,Y,1251938.0,1120662.0,131276.0,585492.0,666446.0,25397.0,25397.0,16640.0,1497.0,18137.0
MO,Missouri,2025-06-01,2025,U,Y,1252768.0,1120340.0,132428.0,582030.0,670738.0,27886.0,27886.0,18693.0,1790.0,20483.0
MO,Missouri,2025-07-01,2025,U,Y,1260863.0,1127404.0,133459.0,585492.0,675371.0,30450.0,30450.0,24419.0,2568.0,26987.0
MO,Missouri,2025-08-01,2025,U,Y,1267548.0,1133484.0,134064.0,587468.0,680080.0,29155.0,29155.0,23690.0,2393.0,26083.0
MO,Missouri,2025-09-01,2025,U,Y,1267813.0,1133687.0,134126.0,587324.0,680489.0,27227.0,27227.0,24115.0,2682.0,26797.0
MO,Missouri,2025-10-01,2025,U,Y,1266885.0,1133330.0,133555.0,585477.0,681408.0,27890.0,27890.0,24161.0,2570.0,26731.0
MO,Missouri,2025-11-01,2025,U,Y,1266828.0,1133140.0,133688.0,582511.0,684317.0,24604.0,24604.0,19481.0,2795.0,22276.0
MO,Missouri,2025-12-01,2025,U,Y,1264714.0,1131455.0,133259.0,578911.0,685803.0,26178.0,26178.0,19891.0,2656.0,22547.0
MO,Missouri,2026-01-01,2026,U,Y,1266588.0,1132251.0,134337.0,577590.0,688998.0,27370.0,27370.0,18267.0,2431.0,20698.0
MO,Missouri,2026-02-01,2026,P,N,1242164.0,1107774.0,134390.0,564663.0,677501.0,25019.0,25019.0,22150.0,2918.0,25068.0
MS,Mississippi,2025-03-01,2025,U,Y,604179.0,519398.0,84781.0,401365.0,202814.0,17354.0,17354.0,8813.0,541.0,9354.0
MS,Mississippi,2025-04-01,2025,U,Y,601719.0,517051.0,84668.0,400199.0,201520.0,17281.0,17281.0,9229.0,572.0,9801.0
MS,Mississippi,2025-05-01,2025,U,Y,599964.0,515498.0,84466.0,399005.0,200959.0,16582.0,16582.0,8646.0,567.0,9213.0
MS,Mississippi,2025-06-01,2025,U,Y,599086.0,514646.0,84440.0,398404.0,200682.0,17173.0,17173.0,8541.0,528.0,9069.0
MS,Mississippi,2025-07-01,2025,U,Y,599061.0,514528.0,84533.0,398215.0,200846.0,19144.0,19144.0,9599.0,710.0,10309.0
MS,Mississippi,2025-08-01,2025,U,Y,598813.0,514133.0,84680.0,398000.0,200813.0,19113.0,19113.0,9610.0,705.0,10315.0
MS,Mississippi,2025-09-01,2025,U,Y,597348.0,512797.0,84551.0,396924.0,200424.0,17968.0,17968.0,9404.0,580.0,9984.0
MS,Mississippi,2025-10-01,2025,U,Y,595171.0,510814.0,84357.0,395517.0,199654.0,17006.0,17006.0,8938.0,522.0,9460.0
MS,Mississippi,2025-11-01,2025,U,Y,593696.0,509631.0,84065.0,394512.0,199184.0,14756.0,14756.0,7246.0,660.0,7906.0
MS,Mississippi,2025-12-01,2025,U,Y,593107.0,509186.0,83921.0,394409.0,198698.0,17267.0,17267.0,8447.0,743.0,9190.0
MS,Mississippi,2026-01-01,2026,U,Y,593367.0,509414.0,83953.0,394397.0,198970.0,17523.0,17523.0,8378.0,677.0,9055.0
MS,Mississippi,2026-02-01,2026,P,N,587137.0,503605.0,83532.0,391962.0,195175.0,16047.0,16047.0,7963.0,578.0,8541.0
MT,Montana,2025-03-01,2025,U,Y,215429.0,194674.0,20755.0,93526.0,121903.0,3948.0,3948.0,3926.0,472.0,4398.0
MT,Montana,2025-04-01,2025,U,Y,217801.0,196817.0,20984.0,94450.0,123351.0,3954.0,3954.0,4718.0,603.0,5321.0
MT,Montana,2025-05-01,2025,U,Y,218838.0,197553.0,21285.0,94871.0,123967.0,3519.0,3519.0,5218.0,625.0,5843.0
MT,Montana,2025-06-01,2025,U,Y,218953.0,197661.0,21292.0,95049.0,123904.0,3482.0,3482.0,4035.0,526.0,4561.0
MT,Montana,2025-07-01,2025,U,Y,217768.0,196605.0,21163.0,94432.0,123336.0,3478.0,3478.0,2949.0,268.0,3217.0
MT,Montana,2025-08-01,2025,U,Y,215391.0,194504.0,20887.0,93489.0,121902.0,3696.0,3696.0,2840.0,286.0,3126.0
MT,Montana,2025-09-01,2025,U,Y,214206.0,193524.0,20682.0,92761.0,121445.0,3940.0,3940.0,3059.0,303.0,3362.0
MT,Montana,2025-10-01,2025,U,Y,212952.0,192428.0,20524.0,92053.0,120899.0,4029.0,4029.0,3149.0,373.0,3522.0
MT,Montana,2025-11-01,2025,U,Y,213187.0,192806.0,20381.0,91574.0,121613.0,3207.0,3207.0,2271.0,227.0,2498.0
MT,Montana,2025-12-01,2025,U,Y,213386.0,193114.0,20272.0,91150.0,122236.0,4365.0,4365.0,2794.0,379.0,3173.0
MT,Montana,2026-01-01,2026,U,Y,212344.0,192093.0,20251.0,90791.0,121553.0,4526.0,4526.0,2875.0,365.0,3240.0
MT,Montana,2026-02-01,2026,P,N,208151.0,188346.0,19805.0,89255.0,118896.0,4019.0,4019.0,2902.0,372.0,3274.0
NC,North Carolina,2025-03-01,2025,U,Y,2869860.0,2522468.0,347392.0,1435079.0,1434781.0,29409.0,29409.0,46655.0,2646.0,49301.0
NC,North Carolina,2025-04-01,2025,U,Y,2877267.0,2530876.0,346391.0,1436790.0,1440477.0,30425.0,30425.0,45205.0,2924.0,48129.0
NC,North Carolina,2025-05-01,2025,U,Y,2881447.0,2534269.0,347178.0,1438227.0,1443220.0,29210.0,29210.0,45053.0,3162.0,48215.0
NC,North Carolina,2025-06-01,2025,U,Y,2883870.0,2536796.0,347074.0,1440033.0,1443837.0,27810.0,27810.0,43920.0,3052.0,46972.0
NC,North Carolina,2025-07-01,2025,U,Y,2887045.0,2540321.0,346724.0,1442064.0,1444981.0,31277.0,31277.0,44946.0,3163.0,48109.0
NC,North Carolina,2025-08-01,2025,U,Y,2885483.0,2537907.0,347576.0,1439069.0,1446414.0,29581.0,29581.0,42532.0,2985.0,45517.0
NC,North Carolina,2025-09-01,2025,U,Y,2883258.0,2535360.0,347898.0,1435760.0,1447498.0,30522.0,30522.0,43507.0,3156.0,46663.0
NC,North Carolina,2025-10-01,2025,U,Y,2877160.0,2529637.0,347523.0,1431243.0,1445917.0,29876.0,29876.0,43280.0,3437.0,46717.0
NC,North Carolina,2025-11-01,2025,U,Y,2873645.0,2527040.0,346605.0,1425187.0,1448458.0,29138.0,29138.0,34399.0,2693.0,37092.0
NC,North Carolina,2025-12-01,2025,U,Y,2881668.0,2535205.0,346463.0,1422749.0,1458919.0,34481.0,34481.0,42017.0,3543.0,45560.0
NC,North Carolina,2026-01-01,2026,U,Y,2874440.0,2528918.0,345522.0,1413754.0,1460686.0,35914.0,35914.0,43728.0,3747.0,47475.0
NC,North Carolina,2026-02-01,2026,P,N,2849341.0,2503652.0,345689.0,1402085.0,1447256.0,30062.0,30062.0,41407.0,3485.0,44892.0
ND,North Dakota,2025-03-01,2025,U,Y,108079.0,102882.0,5197.0,52817.0,55262.0,2947.0,2947.0,2767.0,102.0,2869.0
ND,North Dakota,2025-04-01,2025,U,Y,107439.0,102310.0,5129.0,52323.0,55116.0,2977.0,2977.0,2750.0,94.0,2844.0
ND,North Dakota,2025-05-01,2025,U,Y,107330.0,102168.0,5162.0,52182.0,55148.0,2735.0,2735.0,2360.0,69.0,2429.0
ND,North Dakota,2025-06-01,2025,U,Y,107267.0,102075.0,5192.0,52159.0,55108.0,2804.0,2804.0,2337.0,92.0,2429.0
ND,North Dakota,2025-07-01,2025,U,Y,107198.0,102034.0,5164.0,52108.0,55090.0,3037.0,3037.0,2503.0,74.0,2577.0
ND,North Dakota,2025-08-01,2025,U,Y,107232.0,102041.0,5191.0,52099.0,55133.0,2832.0,2832.0,2432.0,89.0,2521.0
ND,North Dakota,2025-09-01,2025,U,Y,107356.0,102021.0,5335.0,52253.0,55103.0,3058.0,3058.0,2641.0,106.0,2747.0
ND,North Dakota,2025-10-01,2025,U,Y,107030.0,101607.0,5423.0,52209.0,54821.0,2941.0,2941.0,2721.0,141.0,2862.0
ND,North Dakota,2025-11-01,2025,U,Y,106318.0,100854.0,5464.0,51951.0,54367.0,3664.0,3664.0,1886.0,71.0,1957.0
ND,North Dakota,2025-12-01,2025,U,Y,106248.0,100706.0,5542.0,51846.0,54402.0,4213.0,4213.0,2555.0,105.0,2660.0
ND,North Dakota,2026-01-01,2026,U,Y,106330.0,100778.0,5552.0,51840.0,54490.0,3098.0,3098.0,2313.0,120.0,2433.0
ND,North Dakota,2026-02-01,2026,P,N,103737.0,98345.0,5392.0,50698.0,53039.0,2535.0,2535.0,2322.0,95.0,2417.0
NE,Nebraska,2025-03-01,2025,U,Y,346177.0,310047.0,36130.0,177629.0,168548.0,9611.0,9611.0,6744.0,763.0,7507.0
NE,Nebraska,2025-04-01,2025,U,Y,344450.0,308538.0,35912.0,177216.0,167234.0,9764.0,9764.0,6317.0,843.0,7160.0
NE,Nebraska,2025-05-01,2025,U,Y,343735.0,306738.0,36997.0,177697.0,166038.0,9599.0,9599.0,6111.0,764.0,6875.0
NE,Nebraska,2025-06-01,2025,U,Y,341200.0,304276.0,36924.0,176445.0,164755.0,9615.0,9615.0,6255.0,800.0,7055.0
NE,Nebraska,2025-07-01,2025,U,Y,340661.0,303625.0,37036.0,176111.0,164550.0,10486.0,10486.0,6997.0,953.0,7950.0
NE,Nebraska,2025-08-01,2025,U,Y,340223.0,303085.0,37138.0,175477.0,164746.0,9781.0,9781.0,6412.0,849.0,7261.0
NE,Nebraska,2025-09-01,2025,U,Y,338698.0,301632.0,37066.0,174618.0,164080.0,9804.0,9804.0,6619.0,895.0,7514.0
NE,Nebraska,2025-10-01,2025,U,Y,336989.0,300013.0,36976.0,173577.0,163412.0,9082.0,9082.0,6020.0,861.0,6881.0
NE,Nebraska,2025-11-01,2025,U,Y,336259.0,299026.0,37233.0,172949.0,163310.0,8050.0,8050.0,4823.0,898.0,5721.0
NE,Nebraska,2025-12-01,2025,U,Y,336922.0,299325.0,37597.0,173171.0,163751.0,9818.0,9818.0,6047.0,1042.0,7089.0
NE,Nebraska,2026-01-01,2026,U,Y,337564.0,299885.0,37679.0,173317.0,164247.0,10994.0,10994.0,6994.0,1148.0,8142.0
NE,Nebraska,2026-02-01,2026,P,N,333666.0,296393.0,37273.0,171311.0,162355.0,8741.0,8741.0,6501.0,811.0,7312.0
NH,New Hampshire,2025-03-01,2025,U,Y,188266.0,168922.0,19344.0,91097.0,97169.0,4216.0,4216.0,2778.0,294.0,3072.0
NH,New Hampshire,2025-04-01,2025,U,Y,187860.0,168488.0,19372.0,90921.0,96939.0,4268.0,4268.0,2758.0,372.0,3130.0
NH,New Hampshire,2025-05-01,2025,U,Y,187021.0,167632.0,19389.0,90719.0,96302.0,4203.0,4203.0,2743.0,375.0,3118.0
NH,New Hampshire,2025-06-01,2025,U,Y,186006.0,166937.0,19069.0,90409.0,95597.0,4116.0,4116.0,2713.0,269.0,2982.0
NH,New Hampshire,2025-07-01,2025,U,Y,185960.0,166903.0,19057.0,90268.0,95692.0,5024.0,5024.0,3255.0,390.0,3645.0
NH,New Hampshire,2025-08-01,2025,U,Y,183946.0,164820.0,19126.0,89844.0,94102.0,4845.0,4845.0,3188.0,381.0,3569.0
NH,New Hampshire,2025-09-01,2025,U,Y,181858.0,162604.0,19254.0,89094.0,92764.0,5398.0,5398.0,3434.0,455.0,3889.0
NH,New Hampshire,2025-10-01,2025,U,Y,180045.0,160893.0,19152.0,88271.0,91774.0,5830.0,5830.0,3604.0,525.0,4129.0
NH,New Hampshire,2025-11-01,2025,U,Y,178670.0,159398.0,19272.0,87620.0,91050.0,4709.0,4709.0,3997.0,532.0,4529.0
NH,New Hampshire,2025-12-01,2025,U,Y,177423.0,158237.0,19186.0,87038.0,90385.0,5676.0,5676.0,5075.0,793.0,5868.0
NH,New Hampshire,2026-01-01,2026,U,Y,175408.0,156365.0,19043.0,86359.0,89049.0,5923.0,5923.0,4114.0,579.0,4693.0
NH,New Hampshire,2026-02-01,2026,P,N,172022.0,153037.0,18985.0,85181.0,86841.0,5132.0,5132.0,3273.0,389.0,3662.0
NJ,New Jersey,2025-03-01,2025,U,Y,1810539.0,1551755.0,258784.0,832124.0,978415.0,30799.0,37610.0,39352.0,7709.0,47061.0
NJ,New Jersey,2025-04-01,2025,U,Y,1812275.0,1551352.0,260923.0,834906.0,977369.0,27997.0,34582.0,31586.0,7830.0,39416.0
NJ,New Jersey,2025-05-01,2025,U,Y,1808396.0,1547512.0,260884.0,833358.0,975038.0,28783.0,35299.0,27596.0,6198.0,33794.0
NJ,New Jersey,2025-06-01,2025,U,Y,1785639.0,1525454.0,260185.0,824916.0,960723.0,21162.0,27137.0,22186.0,4354.0,26540.0
NJ,New Jersey,2025-07-01,2025,U,Y,1769135.0,1509832.0,259303.0,817576.0,951559.0,33484.0,39617.0,20687.0,1647.0,22334.0
NJ,New Jersey,2025-08-01,2025,U,Y,1767650.0,1507519.0,260131.0,816646.0,951004.0,27455.0,33252.0,21209.0,2148.0,23357.0
NJ,New Jersey,2025-09-01,2025,U,Y,1772830.0,1511726.0,261104.0,818929.0,953901.0,19677.0,25774.0,23687.0,2415.0,26102.0
NJ,New Jersey,2025-10-01,2025,U,Y,1772553.0,1511559.0,260994.0,819559.0,952994.0,25313.0,31084.0,24488.0,2668.0,27156.0
NJ,New Jersey,2025-11-01,2025,U,Y,1775442.0,1514284.0,261158.0,821213.0,954229.0,3604.0,28044.0,21915.0,3133.0,25048.0
NJ,New Jersey,2025-12-01,2025,U,Y,1767641.0,1507882.0,259759.0,816670.0,950971.0,5247.0,32940.0,25141.0,3694.0,28835.0
NJ,New Jersey,2026-01-01,2026,U,Y,1765579.0,1507153.0,258426.0,814000.0,951579.0,15885.0,36256.0,26830.0,5411.0,32241.0
NJ,New Jersey,2026-02-01,2026,P,N,1739068.0,1482629.0,256439.0,801330.0,937738.0,19991.0,30014.0,22245.0,3403.0,25648.0
NM,New Mexico,2025-03-01,2025,U,Y,714262.0,669441.0,44821.0,320010.0,394252.0,14138.0,14138.0,11825.0,303.0,12128.0
NM,New Mexico,2025-04-01,2025,U,Y,710463.0,668838.0,41625.0,317654.0,392809.0,14002.0,14002.0,13135.0,352.0,13487.0
NM,New Mexico,2025-05-01,2025,U,Y,702063.0,660228.0,41835.0,315026.0,387037.0,13373.0,13373.0,13719.0,419.0,14138.0
NM,New Mexico,2025-06-01,2025,U,Y,697723.0,655866.0,41857.0,313663.0,384060.0,13475.0,13475.0,14026.0,382.0,14408.0
NM,New Mexico,2025-07-01,2025,U,Y,694763.0,652578.0,42185.0,312931.0,381832.0,13967.0,13967.0,14875.0,401.0,15276.0
NM,New Mexico,2025-08-01,2025,U,Y,690503.0,648150.0,42353.0,311449.0,379054.0,13987.0,13987.0,14692.0,416.0,15108.0
NM,New Mexico,2025-09-01,2025,U,Y,689106.0,646450.0,42656.0,311177.0,377929.0,13999.0,13999.0,14028.0,373.0,14401.0
NM,New Mexico,2025-10-01,2025,U,Y,687427.0,644329.0,43098.0,310526.0,376901.0,13458.0,13458.0,13377.0,351.0,13728.0
NM,New Mexico,2025-11-01,2025,U,Y,683227.0,640061.0,43166.0,308899.0,374328.0,11165.0,11165.0,10556.0,259.0,10815.0
NM,New Mexico,2025-12-01,2025,U,Y,682701.0,638988.0,43713.0,308545.0,374156.0,13059.0,13059.0,14075.0,416.0,14491.0
NM,New Mexico,2026-01-01,2026,U,Y,681756.0,637738.0,44018.0,307948.0,373808.0,14440.0,14440.0,13955.0,380.0,14335.0
NM,New Mexico,2026-02-01,2026,P,N,680107.0,636198.0,43909.0,307319.0,372788.0,12375.0,12375.0,12402.0,322.0,12724.0
NV,Nevada,2025-03-01,2025,U,Y,772211.0,719195.0,53016.0,331974.0,440237.0,17237.0,18375.0,9090.0,40.0,9130.0
NV,Nevada,2025-04-01,2025,U,Y,770180.0,718076.0,52104.0,331466.0,438714.0,18023.0,19134.0,9081.0,40.0,9121.0
NV,Nevada,2025-05-01,2025,U,Y,766543.0,714910.0,51633.0,330378.0,436165.0,16961.0,17972.0,8526.0,33.0,8559.0
NV,Nevada,2025-06-01,2025,U,Y,755561.0,704584.0,50977.0,327212.0,428349.0,17284.0,18162.0,8742.0,29.0,8771.0
NV,Nevada,2025-07-01,2025,U,Y,749193.0,699556.0,49637.0,324387.0,424806.0,17268.0,18171.0,7969.0,23.0,7992.0
NV,Nevada,2025-08-01,2025,U,Y,742475.0,693668.0,48807.0,321988.0,420487.0,14169.0,15044.0,7196.0,33.0,7229.0
NV,Nevada,2025-09-01,2025,U,Y,738352.0,689962.0,48390.0,320624.0,417728.0,15013.0,16122.0,7747.0,31.0,7778.0
NV,Nevada,2025-10-01,2025,U,Y,742058.0,694145.0,47913.0,320581.0,421477.0,15737.0,16740.0,8223.0,30.0,8253.0
NV,Nevada,2025-11-01,2025,U,Y,727457.0,679632.0,47825.0,316500.0,410957.0,19108.0,26539.0,6701.0,33.0,6734.0
NV,Nevada,2025-12-01,2025,U,Y,726387.0,679311.0,47076.0,315744.0,410643.0,19836.0,30606.0,8188.0,39.0,8227.0
NV,Nevada,2026-01-01,2026,U,Y,728133.0,680798.0,47335.0,315938.0,412195.0,18071.0,20669.0,8421.0,28.0,8449.0
NV,Nevada,2026-02-01,2026,P,N,727300.0,680222.0,47078.0,314810.0,412490.0,15020.0,16077.0,8584.0,33.0,8617.0
NY,New York,2025-03-01,2025,U,Y,6610162.0,5929535.0,680627.0,2469905.0,4140257.0,0.0,585969.0,108302.0,5663.0,113965.0
NY,New York,2025-04-01,2025,U,Y,6616210.0,5935321.0,680889.0,2475382.0,4140828.0,0.0,548624.0,115422.0,5250.0,120672.0
NY,New York,2025-05-01,2025,U,Y,6606942.0,5928101.0,678841.0,2471461.0,4135481.0,0.0,508056.0,112121.0,5990.0,118111.0
NY,New York,2025-06-01,2025,U,Y,6591502.0,5912933.0,678569.0,2471304.0,4120198.0,0.0,502320.0,103006.0,5227.0,108233.0
NY,New York,2025-07-01,2025,U,Y,6551887.0,5875131.0,676756.0,2461016.0,4090871.0,0.0,532762.0,97649.0,5221.0,102870.0
NY,New York,2025-08-01,2025,U,Y,6558504.0,5883536.0,674968.0,2466810.0,4091694.0,0.0,500480.0,104169.0,5292.0,109461.0
NY,New York,2025-09-01,2025,U,Y,6545793.0,5873147.0,672646.0,2468914.0,4076879.0,0.0,546713.0,100486.0,5733.0,106219.0
NY,New York,2025-10-01,2025,U,Y,6539403.0,5868490.0,670913.0,2472588.0,4066815.0,0.0,547448.0,105261.0,5641.0,110902.0
NY,New York,2025-11-01,2025,U,Y,6561223.0,5894332.0,666891.0,2476281.0,4084942.0,0.0,501426.0,100166.0,5707.0,105873.0
NY,New York,2025-12-01,2025,U,Y,6550143.0,5887318.0,662825.0,2469038.0,4081105.0,0.0,621754.0,100492.0,5412.0,105904.0
NY,New York,2026-01-01,2026,U,Y,6499018.0,5839086.0,659932.0,2455173.0,4043845.0,0.0,581081.0,110015.0,5728.0,115743.0
NY,New York,2026-02-01,2026,P,N,6423072.0,5765633.0,657439.0,2433605.0,3989467.0,0.0,588083.0,110858.0,6118.0,116976.0
OH,Ohio,2025-03-01,2025,U,Y,2813897.0,2571272.0,242625.0,1207335.0,1606562.0,72166.0,72166.0,38551.0,2485.0,41036.0
OH,Ohio,2025-04-01,2025,U,Y,2802277.0,2561911.0,240366.0,1204292.0,1597985.0,69126.0,69126.0,38595.0,2410.0,41005.0
OH,Ohio,2025-05-01,2025,U,Y,2797622.0,2557516.0,240106.0,1203917.0,1593705.0,66229.0,66229.0,34794.0,2058.0,36852.0
OH,Ohio,2025-06-01,2025,U,Y,2790508.0,2550678.0,239830.0,1202153.0,1588355.0,66125.0,66125.0,33446.0,1987.0,35433.0
OH,Ohio,2025-07-01,2025,U,Y,2777854.0,2538501.0,239353.0,1198139.0,1579715.0,71093.0,71093.0,34425.0,2109.0,36534.0
OH,Ohio,2025-08-01,2025,U,Y,2781898.0,2541724.0,240174.0,1195976.0,1585922.0,68217.0,68217.0,32670.0,2048.0,34718.0
OH,Ohio,2025-09-01,2025,U,Y,2775847.0,2534444.0,241403.0,1196251.0,1579596.0,71461.0,71461.0,32540.0,2019.0,34559.0
OH,Ohio,2025-10-01,2025,U,Y,2768467.0,2525747.0,242720.0,1192630.0,1575837.0,66364.0,66364.0,32875.0,2078.0,34953.0
OH,Ohio,2025-11-01,2025,U,Y,2751300.0,2508352.0,242948.0,1184723.0,1566577.0,66539.0,66539.0,24483.0,1504.0,25987.0
OH,Ohio,2025-12-01,2025,U,Y,2729099.0,2486762.0,242337.0,1174157.0,1554942.0,80868.0,80868.0,30737.0,1876.0,32613.0
OH,Ohio,2026-01-01,2026,U,Y,2698937.0,2456737.0,242200.0,1163012.0,1535925.0,77279.0,77279.0,31805.0,2082.0,33887.0
OH,Ohio,2026-02-01,2026,P,N,2681863.0,2439802.0,242061.0,1153381.0,1528482.0,68183.0,68183.0,32851.0,2423.0,35274.0
OK,Oklahoma,2025-03-01,2025,U,Y,979463.0,896265.0,83198.0,516002.0,463461.0,54723.0,54723.0,80653.0,9081.0,89734.0
OK,Oklahoma,2025-04-01,2025,U,Y,993802.0,912502.0,81300.0,519085.0,474717.0,53896.0,53896.0,80613.0,9046.0,89659.0
OK,Oklahoma,2025-05-01,2025,U,Y,1010069.0,929813.0,80256.0,522521.0,487548.0,54652.0,54652.0,84255.0,8985.0,93240.0
OK,Oklahoma,2025-06-01,2025,U,Y,1008700.0,933812.0,74888.0,523026.0,485674.0,53846.0,53846.0,81560.0,8802.0,90362.0
OK,Oklahoma,2025-07-01,2025,U,Y,1002153.0,929044.0,73109.0,521694.0,480459.0,54418.0,54418.0,81831.0,9270.0,91101.0
OK,Oklahoma,2025-08-01,2025,U,Y,992278.0,917491.0,74787.0,521111.0,471167.0,54552.0,54552.0,81684.0,9528.0,91212.0
OK,Oklahoma,2025-09-01,2025,U,Y,989984.0,910072.0,79912.0,520695.0,469289.0,44588.0,44588.0,72389.0,9551.0,81940.0
OK,Oklahoma,2025-10-01,2025,U,Y,989060.0,919727.0,69333.0,516707.0,472353.0,44038.0,44038.0,68135.0,7755.0,75890.0
OK,Oklahoma,2025-11-01,2025,U,Y,987037.0,913130.0,73907.0,511329.0,475708.0,39738.0,39738.0,68575.0,9432.0,78007.0
OK,Oklahoma,2025-12-01,2025,U,Y,968050.0,889045.0,79005.0,507825.0,460225.0,45458.0,45458.0,71025.0,8969.0,79994.0
OK,Oklahoma,2026-01-01,2026,U,Y,966557.0,891840.0,74717.0,503117.0,463440.0,47739.0,47739.0,71781.0,12436.0,84217.0
OK,Oklahoma,2026-02-01,2026,P,N,968741.0,890835.0,77906.0,500957.0,467784.0,43746.0,43746.0,66741.0,9115.0,75856.0
OR,Oregon,2025-03-01,2025,U,Y,1310574.0,1120280.0,190294.0,481369.0,829205.0,14163.0,14163.0,205039.0,18854.0,223893.0
OR,Oregon,2025-04-01,2025,U,Y,1315595.0,1126114.0,189481.0,480869.0,834726.0,14242.0,14242.0,197164.0,17847.0,215011.0
OR,Oregon,2025-05-01,2025,U,Y,1319921.0,1130366.0,189555.0,480638.0,839283.0,13179.0,13179.0,188439.0,17782.0,206221.0
OR,Oregon,2025-06-01,2025,U,Y,1324553.0,1135009.0,189544.0,480354.0,844199.0,13515.0,13515.0,180453.0,18812.0,199265.0
OR,Oregon,2025-07-01,2025,U,Y,1317200.0,1130081.0,187119.0,477591.0,839609.0,14074.0,14074.0,204721.0,21863.0,226584.0
OR,Oregon,2025-08-01,2025,U,Y,1310037.0,1125335.0,184702.0,474888.0,835149.0,13854.0,13854.0,179978.0,19062.0,199040.0
OR,Oregon,2025-09-01,2025,U,Y,1309058.0,1125025.0,184033.0,474215.0,834843.0,15251.0,15251.0,212204.0,21898.0,234102.0
OR,Oregon,2025-10-01,2025,U,Y,1308135.0,1124118.0,184017.0,473392.0,834743.0,14450.0,14450.0,205967.0,21070.0,227037.0
OR,Oregon,2025-11-01,2025,U,Y,1308255.0,1124039.0,184216.0,472263.0,835992.0,12507.0,12507.0,179324.0,20348.0,199672.0
OR,Oregon,2025-12-01,2025,U,Y,1308432.0,1123951.0,184481.0,472156.0,836276.0,15450.0,15450.0,401111.0,26296.0,427407.0
OR,Oregon,2026-01-01,2026,U,Y,1302137.0,1117586.0,184551.0,471919.0,830218.0,16593.0,16593.0,217380.0,24104.0,241484.0
OR,Oregon,2026-02-01,2026,P,N,1288913.0,1106086.0,182827.0,469532.0,819381.0,14152.0,14152.0,200686.0,22842.0,223528.0
PA,Pennsylvania,2025-03-01,2025,U,Y,3101521.0,2808943.0,292578.0,1458736.0,1642785.0,100851.0,106566.0,115945.0,12418.0,128363.0
PA,Pennsylvania,2025-04-01,2025,U,Y,3097376.0,2807525.0,289851.0,1454631.0,1642745.0,99580.0,106666.0,116235.0,12496.0,128731.0
PA,Pennsylvania,2025-05-01,2025,U,Y,3077895.0,2788645.0,289250.0,1447035.0,1630860.0,91719.0,97086.0,102498.0,10998.0,113496.0
PA,Pennsylvania,2025-06-01,2025,U,Y,3053056.0,2771907.0,281149.0,1433250.0,1619806.0,87960.0,93027.0,88668.0,8995.0,97663.0
PA,Pennsylvania,2025-07-01,2025,U,Y,3054730.0,2774744.0,279986.0,1433156.0,1621574.0,96987.0,102646.0,100477.0,10174.0,110651.0
PA,Pennsylvania,2025-08-01,2025,U,Y,3042995.0,2762788.0,280207.0,1429763.0,1613232.0,94664.0,100425.0,92368.0,9660.0,102028.0
PA,Pennsylvania,2025-09-01,2025,U,Y,3037911.0,2757077.0,280834.0,1427517.0,1610394.0,100758.0,106330.0,106539.0,11255.0,117794.0
PA,Pennsylvania,2025-10-01,2025,U,Y,3032947.0,2750634.0,282313.0,1426012.0,1606935.0,91447.0,116843.0,107075.0,12344.0,119419.0
PA,Pennsylvania,2025-11-01,2025,U,Y,3011909.0,2732233.0,279676.0,1415229.0,1596680.0,80353.0,152914.0,84320.0,11817.0,96137.0
PA,Pennsylvania,2025-12-01,2025,U,Y,3005350.0,2724282.0,281068.0,1411573.0,1593777.0,102465.0,125140.0,118956.0,16129.0,135085.0
PA,Pennsylvania,2026-01-01,2026,U,Y,3019296.0,2735637.0,283659.0,1416720.0,1602576.0,107565.0,118958.0,125061.0,14683.0,139744.0
PA,Pennsylvania,2026-02-01,2026,P,N,2994399.0,2715845.0,278554.0,1405664.0,1588735.0,95091.0,101139.0,77390.0,8185.0,85575.0
RI,Rhode Island,2025-03-01,2025,U,Y,317723.0,284846.0,32877.0,124877.0,192846.0,1531.0,1531.0,1636.0,173.0,1809.0
RI,Rhode Island,2025-04-01,2025,U,Y,318588.0,285386.0,33202.0,124749.0,193839.0,1589.0,1589.0,1722.0,215.0,1937.0
RI,Rhode Island,2025-05-01,2025,U,Y,317946.0,285523.0,32423.0,123690.0,194256.0,1564.0,1564.0,1661.0,200.0,1861.0
RI,Rhode Island,2025-06-01,2025,U,Y,313733.0,281007.0,32726.0,122230.0,191503.0,1594.0,1594.0,1809.0,229.0,2038.0
RI,Rhode Island,2025-07-01,2025,U,Y,307370.0,273694.0,33676.0,121375.0,185995.0,1715.0,1715.0,1886.0,215.0,2101.0
RI,Rhode Island,2025-08-01,2025,U,Y,305293.0,272057.0,33236.0,120645.0,184648.0,1594.0,1594.0,1692.0,162.0,1854.0
RI,Rhode Island,2025-09-01,2025,U,Y,304391.0,271469.0,32922.0,119778.0,184613.0,1693.0,1693.0,2031.0,229.0,2260.0
RI,Rhode Island,2025-10-01,2025,U,Y,304076.0,271087.0,32989.0,119420.0,184656.0,1548.0,1548.0,1697.0,204.0,1901.0
RI,Rhode Island,2025-11-01,2025,U,Y,297814.0,263719.0,34095.0,118934.0,178880.0,1618.0,1618.0,1755.0,189.0,1944.0
RI,Rhode Island,2025-12-01,2025,U,Y,298497.0,264836.0,33661.0,118804.0,179693.0,1911.0,1911.0,2145.0,242.0,2387.0
RI,Rhode Island,2026-01-01,2026,U,Y,295091.0,261086.0,34005.0,114353.0,180738.0,2137.0,2137.0,2496.0,314.0,2810.0
RI,Rhode Island,2026-02-01,2026,P,N,286204.0,251044.0,35160.0,113265.0,172939.0,1441.0,1441.0,1764.0,230.0,1994.0
SC,South Carolina,2025-03-01,2025,U,Y,1060197.0,951171.0,109026.0,647256.0,412941.0,16845.0,16845.0,4438.0,229.0,4667.0
SC,South Carolina,2025-04-01,2025,U,Y,1059225.0,949739.0,109486.0,646843.0,412382.0,17232.0,17232.0,4332.0,197.0,4529.0
SC,South Carolina,2025-05-01,2025,U,Y,1044110.0,934119.0,109991.0,642051.0,402059.0,14904.0,14904.0,3613.0,196.0,3809.0
SC,South Carolina,2025-06-01,2025,U,Y,1037384.0,927687.0,109697.0,638750.0,398634.0,17025.0,17025.0,4010.0,184.0,4194.0
SC,South Carolina,2025-07-01,2025,U,Y,1034953.0,924280.0,110673.0,637389.0,397564.0,16600.0,16600.0,4199.0,258.0,4457.0
SC,South Carolina,2025-08-01,2025,U,Y,1029840.0,918535.0,111305.0,633864.0,395976.0,16258.0,16258.0,3951.0,253.0,4204.0
SC,South Carolina,2025-09-01,2025,U,Y,1021467.0,909458.0,112009.0,628858.0,392609.0,16204.0,16204.0,4169.0,208.0,4377.0
SC,South Carolina,2025-10-01,2025,U,Y,1013659.0,901217.0,112442.0,624630.0,389029.0,15978.0,15978.0,3978.0,236.0,4214.0
SC,South Carolina,2025-11-01,2025,U,Y,1007906.0,894171.0,113735.0,621379.0,386527.0,14079.0,14079.0,3918.0,342.0,4260.0
SC,South Carolina,2025-12-01,2025,U,Y,1001029.0,886368.0,114661.0,617853.0,383176.0,15577.0,15577.0,4693.0,507.0,5200.0
SC,South Carolina,2026-01-01,2026,U,Y,973021.0,859665.0,113356.0,603148.0,369873.0,16487.0,16487.0,4182.0,290.0,4472.0
SC,South Carolina,2026-02-01,2026,P,N,967113.0,853622.0,113491.0,599752.0,367361.0,15422.0,15422.0,3330.0,196.0,3526.0
SD,South Dakota,2025-03-01,2025,U,Y,144264.0,128040.0,16224.0,81494.0,62770.0,4718.0,4718.0,8008.0,970.0,8978.0
SD,South Dakota,2025-04-01,2025,U,Y,142487.0,126750.0,15737.0,80810.0,61677.0,4407.0,4407.0,7083.0,819.0,7902.0
SD,South Dakota,2025-05-01,2025,U,Y,140819.0,125478.0,15341.0,79935.0,60884.0,4367.0,4367.0,7078.0,776.0,7854.0
SD,South Dakota,2025-06-01,2025,U,Y,139653.0,124650.0,15003.0,79052.0,60601.0,4437.0,4437.0,7315.0,806.0,8121.0
SD,South Dakota,2025-07-01,2025,U,Y,139110.0,124421.0,14689.0,78605.0,60505.0,4483.0,4483.0,7515.0,888.0,8403.0
SD,South Dakota,2025-08-01,2025,U,Y,136904.0,122863.0,14041.0,76950.0,59954.0,4217.0,4217.0,7873.0,907.0,8780.0
SD,South Dakota,2025-09-01,2025,U,Y,136318.0,122307.0,14011.0,76697.0,59621.0,4674.0,4674.0,7923.0,936.0,8859.0
SD,South Dakota,2025-10-01,2025,U,Y,136919.0,122794.0,14125.0,76908.0,60011.0,4457.0,4457.0,7963.0,957.0,8920.0
SD,South Dakota,2025-11-01,2025,U,Y,136379.0,122031.0,14348.0,76536.0,59843.0,3648.0,3648.0,6875.0,915.0,7790.0
SD,South Dakota,2025-12-01,2025,U,Y,136509.0,122091.0,14418.0,76384.0,60125.0,4146.0,4146.0,7195.0,972.0,8167.0
SD,South Dakota,2026-01-01,2026,U,Y,136524.0,122120.0,14404.0,76440.0,60084.0,4832.0,4832.0,12096.0,874.0,12970.0
SD,South Dakota,2026-02-01,2026,P,N,137536.0,122936.0,14600.0,76579.0,60957.0,4303.0,4303.0,16749.0,1489.0,18238.0
TN,Tennessee,2025-03-01,2025,U,Y,1445222.0,1270089.0,175133.0,852334.0,592888.0,36268.0,36268.0,10785.0,1970.0,12755.0
TN,Tennessee,2025-04-01,2025,U,Y,1441774.0,1265926.0,175848.0,852181.0,589593.0,33955.0,33955.0,10992.0,1971.0,12963.0
TN,Tennessee,2025-05-01,2025,U,Y,1439118.0,1262471.0,176647.0,851420.0,587698.0,31257.0,31257.0,9806.0,1708.0,11514.0
TN,Tennessee,2025-06-01,2025,U,Y,1436320.0,1258067.0,178253.0,849630.0,586690.0,30224.0,30224.0,9818.0,1748.0,11566.0
TN,Tennessee,2025-07-01,2025,U,Y,1438184.0,1258608.0,179576.0,851041.0,587143.0,32261.0,32261.0,10831.0,1818.0,12649.0
TN,Tennessee,2025-08-01,2025,U,Y,1435315.0,1254112.0,181203.0,849901.0,585414.0,32582.0,32582.0,9796.0,1725.0,11521.0
TN,Tennessee,2025-09-01,2025,U,Y,1434452.0,1251458.0,182994.0,849660.0,584792.0,31418.0,31418.0,10365.0,1909.0,12274.0
TN,Tennessee,2025-10-01,2025,U,Y,1424658.0,1241101.0,183557.0,843613.0,581045.0,31757.0,31757.0,9833.0,1752.0,11585.0
TN,Tennessee,2025-11-01,2025,U,Y,1416620.0,1233717.0,182903.0,837643.0,578977.0,27746.0,27746.0,8144.0,1726.0,9870.0
TN,Tennessee,2025-12-01,2025,U,Y,1409733.0,1226436.0,183297.0,833988.0,575745.0,32812.0,32812.0,10211.0,2164.0,12375.0
TN,Tennessee,2026-01-01,2026,U,Y,1410352.0,1227352.0,183000.0,834750.0,575602.0,36181.0,36181.0,9850.0,1879.0,11729.0
TN,Tennessee,2026-02-01,2026,P,N,1401142.0,1223332.0,177810.0,828632.0,572510.0,30669.0,30669.0,9716.0,2096.0,11812.0
TX,Texas,2025-03-01,2025,U,Y,4204178.0,3855585.0,348593.0,3216072.0,988106.0,122923.0,122923.0,67953.0,10191.0,78144.0
TX,Texas,2025-04-01,2025,U,Y,4212692.0,3862541.0,350151.0,3224175.0,988517.0,128032.0,128032.0,72377.0,9744.0,82121.0
TX,Texas,2025-05-01,2025,U,Y,4204878.0,3856349.0,348529.0,3219327.0,985551.0,121838.0,121838.0,65315.0,8513.0,73828.0
TX,Texas,2025-06-01,2025,U,Y,4191556.0,3845473.0,346083.0,3206237.0,985319.0,122317.0,122317.0,59225.0,7741.0,66966.0
TX,Texas,2025-07-01,2025,U,Y,4200014.0,3854537.0,345477.0,3211570.0,988444.0,130775.0,130775.0,64764.0,7882.0,72646.0
TX,Texas,2025-08-01,2025,U,Y,4192882.0,3847392.0,345490.0,3206966.0,985916.0,122246.0,122246.0,62017.0,7754.0,69771.0
TX,Texas,2025-09-01,2025,U,Y,4198271.0,3851991.0,346280.0,3208735.0,989536.0,119573.0,119573.0,59113.0,7882.0,66995.0
TX,Texas,2025-10-01,2025,U,Y,4168710.0,3821947.0,346763.0,3181073.0,987637.0,111374.0,111374.0,60002.0,7721.0,67723.0
TX,Texas,2025-11-01,2025,U,Y,4123943.0,3776984.0,346959.0,3144124.0,979819.0,193458.0,193458.0,44304.0,5882.0,50186.0
TX,Texas,2025-12-01,2025,U,Y,4111374.0,3764587.0,346787.0,3130780.0,980594.0,177535.0,177535.0,52168.0,7257.0,59425.0
TX,Texas,2026-01-01,2026,U,Y,4067374.0,3720197.0,347177.0,3091756.0,975618.0,125157.0,125157.0,56302.0,6921.0,63223.0
TX,Texas,2026-02-01,2026,P,N,3997752.0,3651928.0,345824.0,3038945.0,958807.0,98889.0,98889.0,52516.0,6773.0,59289.0
UT,Utah,2025-03-01,2025,U,Y,344200.0,308052.0,36148.0,174923.0,169277.0,25214.0,25214.0,57362.0,0.0,57362.0
UT,Utah,2025-04-01,2025,U,Y,341957.0,305958.0,35999.0,174090.0,167867.0,24146.0,24146.0,38224.0,0.0,38224.0
UT,Utah,2025-05-01,2025,U,Y,340844.0,304927.0,35917.0,173567.0,167277.0,25132.0,25132.0,46267.0,0.0,46267.0
UT,Utah,2025-06-01,2025,U,Y,339725.0,303645.0,36080.0,173309.0,166416.0,24348.0,24348.0,34972.0,0.0,34972.0
UT,Utah,2025-07-01,2025,U,Y,339046.0,303265.0,35781.0,173249.0,165797.0,25660.0,25660.0,33459.0,0.0,33459.0
UT,Utah,2025-08-01,2025,U,Y,339044.0,303173.0,35871.0,172867.0,166177.0,26408.0,26408.0,54142.0,0.0,54142.0
UT,Utah,2025-09-01,2025,U,Y,337687.0,302064.0,35623.0,172014.0,165673.0,26461.0,26461.0,37285.0,0.0,37285.0
UT,Utah,2025-10-01,2025,U,Y,335404.0,300108.0,35296.0,170579.0,164825.0,21572.0,21572.0,34963.0,0.0,34963.0
UT,Utah,2025-11-01,2025,U,Y,334123.0,298758.0,35365.0,169358.0,164765.0,31574.0,31574.0,41789.0,0.0,41789.0
UT,Utah,2025-12-01,2025,U,Y,332396.0,297414.0,34982.0,168160.0,164236.0,35508.0,35508.0,32429.0,0.0,32429.0
UT,Utah,2026-01-01,2026,U,Y,331619.0,296528.0,35091.0,166822.0,164797.0,31394.0,31394.0,44415.0,0.0,44415.0
UT,Utah,2026-02-01,2026,P,N,326311.0,291629.0,34682.0,163819.0,162492.0,24547.0,24547.0,38624.0,0.0,38624.0
VA,Virginia,2025-03-01,2025,U,Y,1793436.0,1590758.0,202678.0,854924.0,938512.0,31832.0,34758.0,27061.0,2150.0,29211.0
VA,Virginia,2025-04-01,2025,U,Y,1780997.0,1579352.0,201645.0,849225.0,931772.0,34384.0,37396.0,24298.0,1982.0,26280.0
VA,Virginia,2025-05-01,2025,U,Y,1754761.0,1555890.0,198871.0,837984.0,916777.0,32129.0,35269.0,27187.0,2180.0,29367.0
VA,Virginia,2025-06-01,2025,U,Y,1737098.0,1539273.0,197825.0,830668.0,906430.0,30108.0,32977.0,26054.0,2040.0,28094.0
VA,Virginia,2025-07-01,2025,U,Y,1723777.0,1526616.0,197161.0,825028.0,898749.0,32280.0,35150.0,24327.0,1938.0,26265.0
VA,Virginia,2025-08-01,2025,U,Y,1713390.0,1517188.0,196202.0,820129.0,893261.0,31749.0,34835.0,23412.0,1829.0,25241.0
VA,Virginia,2025-09-01,2025,U,Y,1707737.0,1512223.0,195514.0,816462.0,891275.0,32566.0,35833.0,24979.0,1969.0,26948.0
VA,Virginia,2025-10-01,2025,U,Y,1698230.0,1503428.0,194802.0,811706.0,886524.0,31126.0,34240.0,24883.0,1882.0,26765.0
VA,Virginia,2025-11-01,2025,U,Y,1698956.0,1503054.0,195902.0,811411.0,887545.0,31739.0,44337.0,24838.0,1986.0,26824.0
VA,Virginia,2025-12-01,2025,U,Y,1690652.0,1495172.0,195480.0,807334.0,883318.0,34281.0,44297.0,24167.0,2193.0,26360.0
VA,Virginia,2026-01-01,2026,U,Y,1686188.0,1491459.0,194729.0,805312.0,880876.0,36370.0,43904.0,27339.0,2680.0,30019.0
VA,Virginia,2026-02-01,2026,P,N,1660787.0,1469914.0,190873.0,793061.0,867726.0,31961.0,35271.0,26744.0,2318.0,29062.0
VT,Vermont,2025-03-01,2025,U,Y,157441.0,152101.0,5340.0,59156.0,98285.0,2211.0,3579.0,2729.0,102.0,2831.0
VT,Vermont,2025-04-01,2025,U,Y,157141.0,151766.0,5375.0,59082.0,98059.0,2180.0,3424.0,3103.0,111.0,3214.0
VT,Vermont,2025-05-01,2025,U,Y,156150.0,150737.0,5413.0,58826.0,97324.0,2038.0,3587.0,2929.0,127.0,3056.0
VT,Vermont,2025-06-01,2025,U,Y,155323.0,149943.0,5380.0,58638.0,96685.0,1870.0,3670.0,2916.0,158.0,3074.0
VT,Vermont,2025-07-01,2025,U,Y,154784.0,149450.0,5334.0,58437.0,96347.0,2718.0,4598.0,3145.0,168.0,3313.0
VT,Vermont,2025-08-01,2025,U,Y,154415.0,149044.0,5371.0,58348.0,96067.0,3045.0,4236.0,3408.0,132.0,3540.0
VT,Vermont,2025-09-01,2025,U,Y,153802.0,148404.0,5398.0,58144.0,95658.0,2837.0,4984.0,3377.0,142.0,3519.0
VT,Vermont,2025-10-01,2025,U,Y,152726.0,147321.0,5405.0,57934.0,94792.0,2576.0,4842.0,3125.0,108.0,3233.0
VT,Vermont,2025-11-01,2025,U,Y,151811.0,146362.0,5449.0,57723.0,94088.0,2160.0,4612.0,3149.0,137.0,3286.0
VT,Vermont,2025-12-01,2025,U,Y,151308.0,145876.0,5432.0,57606.0,93702.0,3070.0,6294.0,3805.0,139.0,3944.0
VT,Vermont,2026-01-01,2026,U,Y,150816.0,145299.0,5517.0,57573.0,93243.0,2765.0,5663.0,5055.0,146.0,5201.0
VT,Vermont,2026-02-01,2026,P,N,149308.0,143842.0,5466.0,57249.0,92059.0,2706.0,4807.0,2609.0,63.0,2672.0
WA,Washington,2025-03-01,2025,U,Y,1826997.0,1764731.0,62266.0,837465.0,989532.0,75018.0,158326.0,41290.0,1721.0,43011.0
WA,Washington,2025-04-01,2025,U,Y,1821905.0,1763606.0,58299.0,835760.0,986145.0,75949.0,166904.0,42340.0,1866.0,44206.0
WA,Washington,2025-05-01,2025,U,Y,1807787.0,1748509.0,59278.0,830828.0,976959.0,72694.0,156790.0,40965.0,1872.0,42837.0
WA,Washington,2025-06-01,2025,U,Y,1798235.0,1738190.0,60045.0,827383.0,970852.0,70495.0,187615.0,40666.0,1909.0,42575.0
WA,Washington,2025-07-01,2025,U,Y,1799915.0,1738846.0,61069.0,827591.0,972324.0,74034.0,155016.0,41683.0,1827.0,43510.0
WA,Washington,2025-08-01,2025,U,Y,1793685.0,1731787.0,61898.0,825715.0,967970.0,70287.0,147944.0,41190.0,2024.0,43214.0
WA,Washington,2025-09-01,2025,U,Y,1793406.0,1730508.0,62898.0,825234.0,968172.0,76396.0,162586.0,42547.0,1966.0,44513.0
WA,Washington,2025-10-01,2025,U,Y,1792490.0,1729143.0,63347.0,823888.0,968602.0,76521.0,154957.0,39911.0,1795.0,41706.0
WA,Washington,2025-11-01,2025,U,Y,1786767.0,1722640.0,64127.0,820983.0,965784.0,59164.0,176243.0,37584.0,1931.0,39515.0
WA,Washington,2025-12-01,2025,U,Y,1791758.0,1726702.0,65056.0,821301.0,970457.0,83126.0,209256.0,43515.0,2156.0,45671.0
WA,Washington,2026-01-01,2026,U,Y,1793264.0,1727597.0,65667.0,820862.0,972402.0,79159.0,188898.0,43402.0,1962.0,45364.0
WA,Washington,2026-02-01,2026,P,N,1784702.0,1718979.0,65723.0,816314.0,968388.0,68524.0,148517.0,37190.0,1616.0,38806.0
WI,Wisconsin,2025-03-01,2025,U,Y,1175930.0,1092952.0,82978.0,553485.0,622445.0,21630.0,21630.0,14326.0,1360.0,15686.0
WI,Wisconsin,2025-04-01,2025,U,Y,1157206.0,1067716.0,89490.0,545642.0,611564.0,22192.0,22192.0,14430.0,1221.0,15651.0
WI,Wisconsin,2025-05-01,2025,U,Y,1143506.0,1049086.0,94420.0,541343.0,602163.0,20812.0,20812.0,13430.0,1253.0,14683.0
WI,Wisconsin,2025-06-01,2025,U,Y,1137320.0,1039498.0,97822.0,539011.0,598309.0,20981.0,20981.0,14035.0,1259.0,15294.0
WI,Wisconsin,2025-07-01,2025,U,Y,1132861.0,1033465.0,99396.0,540031.0,592830.0,21760.0,21760.0,15850.0,1312.0,17162.0
WI,Wisconsin,2025-08-01,2025,U,Y,1131202.0,1031752.0,99450.0,540960.0,590242.0,21053.0,21053.0,14351.0,1223.0,15574.0
WI,Wisconsin,2025-09-01,2025,U,Y,1132761.0,1033372.0,99389.0,541421.0,591340.0,21957.0,21957.0,15141.0,1227.0,16368.0
WI,Wisconsin,2025-10-01,2025,U,Y,1130766.0,1031259.0,99507.0,540540.0,590226.0,21782.0,21782.0,14909.0,1288.0,16197.0
WI,Wisconsin,2025-11-01,2025,U,Y,1129918.0,1030040.0,99878.0,540087.0,589831.0,21434.0,21434.0,15085.0,1858.0,16943.0
WI,Wisconsin,2025-12-01,2025,U,Y,1130048.0,1029554.0,100494.0,539415.0,590633.0,24596.0,24596.0,17629.0,2295.0,19924.0
WI,Wisconsin,2026-01-01,2026,U,Y,1127818.0,1027197.0,100621.0,539327.0,588491.0,25364.0,25364.0,19387.0,2064.0,21451.0
WI,Wisconsin,2026-02-01,2026,P,N,1118742.0,1018694.0,100048.0,536303.0,582439.0,22173.0,22173.0,15229.0,1340.0,16569.0
WV,West Virginia,2025-03-01,2025,U,Y,509613.0,468941.0,40672.0,203943.0,305670.0,18517.0,18517.0,8264.0,364.0,8628.0
WV,West Virginia,2025-04-01,2025,U,Y,503701.0,463666.0,40035.0,201745.0,301956.0,18685.0,18685.0,7519.0,771.0,8290.0
WV,West Virginia,2025-05-01,2025,U,Y,503031.0,462965.0,40066.0,201445.0,301586.0,17253.0,17253.0,6732.0,629.0,7361.0
WV,West Virginia,2025-06-01,2025,U,Y,501577.0,461629.0,39948.0,200531.0,301046.0,16677.0,16677.0,6559.0,715.0,7274.0
WV,West Virginia,2025-07-01,2025,U,Y,501077.0,461142.0,39935.0,200179.0,300898.0,17859.0,17859.0,6928.0,678.0,7606.0
WV,West Virginia,2025-08-01,2025,U,Y,498894.0,459501.0,39393.0,198644.0,300250.0,18770.0,18770.0,7627.0,924.0,8551.0
WV,West Virginia,2025-09-01,2025,U,Y,498188.0,458947.0,39241.0,198029.0,300159.0,19807.0,19807.0,8228.0,1097.0,9325.0
WV,West Virginia,2025-10-01,2025,U,Y,497764.0,458072.0,39692.0,197772.0,299992.0,19307.0,19307.0,7770.0,1038.0,8808.0
WV,West Virginia,2025-11-01,2025,U,Y,491398.0,451904.0,39494.0,195250.0,296148.0,16064.0,16064.0,6670.0,712.0,7382.0
WV,West Virginia,2025-12-01,2025,U,Y,490156.0,450475.0,39681.0,194725.0,295431.0,17754.0,17754.0,7157.0,735.0,7892.0
WV,West Virginia,2026-01-01,2026,U,Y,488333.0,448685.0,39648.0,194149.0,294184.0,17786.0,17786.0,6783.0,656.0,7439.0
WV,West Virginia,2026-02-01,2026,P,N,487229.0,447364.0,39865.0,193963.0,293266.0,18567.0,18567.0,7004.0,688.0,7692.0
WY,Wyoming,2025-03-01,2025,U,Y,63417.0,57366.0,6051.0,43273.0,20144.0,1526.0,1526.0,1337.0,87.0,1424.0
WY,Wyoming,2025-04-01,2025,U,Y,63078.0,56972.0,6106.0,43124.0,19954.0,1539.0,1539.0,1279.0,95.0,1374.0
WY,Wyoming,2025-05-01,2025,U,Y,62762.0,56896.0,5866.0,42872.0,19890.0,1520.0,1520.0,1147.0,88.0,1235.0
WY,Wyoming,2025-06-01,2025,U,Y,62202.0,56293.0,5909.0,42458.0,19744.0,1429.0,1429.0,1006.0,49.0,1055.0
WY,Wyoming,2025-07-01,2025,U,Y,62021.0,56121.0,5900.0,42348.0,19673.0,1539.0,1539.0,1126.0,55.0,1181.0
WY,Wyoming,2025-08-01,2025,U,Y,61564.0,55597.0,5967.0,42022.0,19542.0,1396.0,1396.0,1180.0,80.0,1260.0
WY,Wyoming,2025-09-01,2025,U,Y,60384.0,54433.0,5951.0,41125.0,19259.0,1541.0,1541.0,1155.0,103.0,1258.0
WY,Wyoming,2025-10-01,2025,U,Y,60444.0,54504.0,5940.0,41143.0,19301.0,1473.0,1473.0,1153.0,96.0,1249.0
WY,Wyoming,2025-11-01,2025,U,Y,59940.0,54143.0,5797.0,40750.0,19190.0,1393.0,1393.0,948.0,63.0,1011.0
WY,Wyoming,2025-12-01,2025,U,Y,60450.0,54505.0,5945.0,41133.0,19317.0,1578.0,1578.0,1332.0,120.0,1452.0
WY,Wyoming,2026-01-01,2026,U,Y,61240.0,55082.0,6158.0,41795.0,19445.0,1534.0,1534.0,1386.0,120.0,1506.0
WY,Wyoming,2026-02-01,2026,P,N,58942.0,52961.0,5981.0,40000.0,18942.0,1366.0,1366.0,1840.0,223.0,2063.0
